--------------------------------------------------------
--  파일이 생성됨 - 목요일-7월-22-2021   
--------------------------------------------------------
--------------------------------------------------------
--  DDL for Table COMM
--------------------------------------------------------

  CREATE TABLE "TEAM2"."COMM" 
   (	"COMM_SEQ" NUMBER, 
	"COMM_TITLE" VARCHAR2(1000 BYTE), 
	"COMM_CONTENT" VARCHAR2(4000 BYTE), 
	"COMM_HIT" NUMBER, 
	"DEL_FLAG" VARCHAR2(1 BYTE), 
	"ATTACH_FILE" VARCHAR2(50 BYTE), 
	"ATTACH_PATH" VARCHAR2(1000 BYTE), 
	"IN_DATE" VARCHAR2(15 BYTE), 
	"IN_USER_ID" VARCHAR2(20 BYTE), 
	"UP_DATE" VARCHAR2(15 BYTE), 
	"UP_USER_ID" VARCHAR2(20 BYTE)
   ) SEGMENT CREATION IMMEDIATE 
  PCTFREE 10 PCTUSED 40 INITRANS 1 MAXTRANS 255 NOCOMPRESS LOGGING
  STORAGE(INITIAL 65536 NEXT 1048576 MINEXTENTS 1 MAXEXTENTS 2147483645
  PCTINCREASE 0 FREELISTS 1 FREELIST GROUPS 1 BUFFER_POOL DEFAULT FLASH_CACHE DEFAULT CELL_FLASH_CACHE DEFAULT)
  TABLESPACE "SYSTEM" ;

   COMMENT ON COLUMN "TEAM2"."COMM"."COMM_SEQ" IS '글번호';
   COMMENT ON COLUMN "TEAM2"."COMM"."COMM_TITLE" IS '글제목';
   COMMENT ON COLUMN "TEAM2"."COMM"."COMM_CONTENT" IS '글내용';
   COMMENT ON COLUMN "TEAM2"."COMM"."COMM_HIT" IS '조회수';
   COMMENT ON COLUMN "TEAM2"."COMM"."DEL_FLAG" IS '글삭제여부';
   COMMENT ON COLUMN "TEAM2"."COMM"."ATTACH_FILE" IS '커뮤니티첨부파일';
   COMMENT ON COLUMN "TEAM2"."COMM"."ATTACH_PATH" IS '커뮤니티파일경로';
   COMMENT ON COLUMN "TEAM2"."COMM"."IN_DATE" IS '입력일';
   COMMENT ON COLUMN "TEAM2"."COMM"."IN_USER_ID" IS '입력자';
   COMMENT ON COLUMN "TEAM2"."COMM"."UP_DATE" IS '수정일';
   COMMENT ON COLUMN "TEAM2"."COMM"."UP_USER_ID" IS '수정자';
   COMMENT ON TABLE "TEAM2"."COMM"  IS '커뮤니티';
--------------------------------------------------------
--  DDL for Table GOOD
--------------------------------------------------------

  CREATE TABLE "TEAM2"."GOOD" 
   (	"USER_ID" VARCHAR2(20 BYTE), 
	"COMM_SEQ" NUMBER, 
	"IN_DATE" VARCHAR2(15 BYTE), 
	"IN_USER_ID" VARCHAR2(20 BYTE), 
	"UP_DATE" VARCHAR2(15 BYTE), 
	"UP_USER_ID" VARCHAR2(20 BYTE)
   ) SEGMENT CREATION IMMEDIATE 
  PCTFREE 10 PCTUSED 40 INITRANS 1 MAXTRANS 255 NOCOMPRESS LOGGING
  STORAGE(INITIAL 65536 NEXT 1048576 MINEXTENTS 1 MAXEXTENTS 2147483645
  PCTINCREASE 0 FREELISTS 1 FREELIST GROUPS 1 BUFFER_POOL DEFAULT FLASH_CACHE DEFAULT CELL_FLASH_CACHE DEFAULT)
  TABLESPACE "SYSTEM" ;
--------------------------------------------------------
--  DDL for Table MENU
--------------------------------------------------------

  CREATE TABLE "TEAM2"."MENU" 
   (	"MENU_SEQ" NUMBER, 
	"STORE_SEQ" NUMBER, 
	"MENU_NAME" VARCHAR2(200 BYTE), 
	"MENU_PRICE" NUMBER, 
	"DEL_FLAG" VARCHAR2(1 BYTE), 
	"IN_DATE" VARCHAR2(15 BYTE), 
	"IN_USER_ID" VARCHAR2(20 BYTE), 
	"UP_DATE" VARCHAR2(15 BYTE), 
	"UP_USER_ID" VARCHAR2(20 BYTE)
   ) SEGMENT CREATION IMMEDIATE 
  PCTFREE 10 PCTUSED 40 INITRANS 1 MAXTRANS 255 NOCOMPRESS LOGGING
  STORAGE(INITIAL 65536 NEXT 1048576 MINEXTENTS 1 MAXEXTENTS 2147483645
  PCTINCREASE 0 FREELISTS 1 FREELIST GROUPS 1 BUFFER_POOL DEFAULT FLASH_CACHE DEFAULT CELL_FLASH_CACHE DEFAULT)
  TABLESPACE "SYSTEM" ;

   COMMENT ON COLUMN "TEAM2"."MENU"."MENU_SEQ" IS '메뉴번호';
   COMMENT ON COLUMN "TEAM2"."MENU"."STORE_SEQ" IS '업체번호';
   COMMENT ON COLUMN "TEAM2"."MENU"."MENU_NAME" IS '메뉴명';
   COMMENT ON COLUMN "TEAM2"."MENU"."MENU_PRICE" IS '메뉴가격';
   COMMENT ON COLUMN "TEAM2"."MENU"."DEL_FLAG" IS '메뉴삭제여부';
   COMMENT ON COLUMN "TEAM2"."MENU"."IN_DATE" IS '입력일';
   COMMENT ON COLUMN "TEAM2"."MENU"."IN_USER_ID" IS '입력자';
   COMMENT ON COLUMN "TEAM2"."MENU"."UP_DATE" IS '수정일';
   COMMENT ON COLUMN "TEAM2"."MENU"."UP_USER_ID" IS '수정자';
   COMMENT ON TABLE "TEAM2"."MENU"  IS '메뉴';
--------------------------------------------------------
--  DDL for Table NOTICE
--------------------------------------------------------

  CREATE TABLE "TEAM2"."NOTICE" 
   (	"NOTICE_SEQ" NUMBER, 
	"NOTICE_TITLE" VARCHAR2(200 BYTE), 
	"NOTICE_CONTENT" VARCHAR2(4000 BYTE), 
	"ATTACH_FILE" VARCHAR2(50 BYTE), 
	"ATTACH_PATH" VARCHAR2(1000 BYTE), 
	"NOTICE_HIT" NUMBER, 
	"IN_DATE" VARCHAR2(15 BYTE), 
	"IN_USER_ID" VARCHAR2(20 BYTE), 
	"UP_DATE" VARCHAR2(15 BYTE), 
	"UP_USER_ID" VARCHAR2(20 BYTE)
   ) SEGMENT CREATION IMMEDIATE 
  PCTFREE 10 PCTUSED 40 INITRANS 1 MAXTRANS 255 NOCOMPRESS LOGGING
  STORAGE(INITIAL 65536 NEXT 1048576 MINEXTENTS 1 MAXEXTENTS 2147483645
  PCTINCREASE 0 FREELISTS 1 FREELIST GROUPS 1 BUFFER_POOL DEFAULT FLASH_CACHE DEFAULT CELL_FLASH_CACHE DEFAULT)
  TABLESPACE "SYSTEM" ;

   COMMENT ON COLUMN "TEAM2"."NOTICE"."NOTICE_SEQ" IS '공지번호';
   COMMENT ON COLUMN "TEAM2"."NOTICE"."NOTICE_TITLE" IS '공지제목';
   COMMENT ON COLUMN "TEAM2"."NOTICE"."NOTICE_CONTENT" IS '공지내용';
   COMMENT ON COLUMN "TEAM2"."NOTICE"."ATTACH_FILE" IS '공지첨부파일';
   COMMENT ON COLUMN "TEAM2"."NOTICE"."ATTACH_PATH" IS '공지파일경로';
   COMMENT ON COLUMN "TEAM2"."NOTICE"."NOTICE_HIT" IS '공지조회수';
   COMMENT ON COLUMN "TEAM2"."NOTICE"."IN_DATE" IS '입력일';
   COMMENT ON COLUMN "TEAM2"."NOTICE"."IN_USER_ID" IS '입력자';
   COMMENT ON COLUMN "TEAM2"."NOTICE"."UP_DATE" IS '수정일';
   COMMENT ON COLUMN "TEAM2"."NOTICE"."UP_USER_ID" IS '수정자';
   COMMENT ON TABLE "TEAM2"."NOTICE"  IS '공지';
--------------------------------------------------------
--  DDL for Table ORDER_INFO
--------------------------------------------------------

  CREATE TABLE "TEAM2"."ORDER_INFO" 
   (	"ORDER_SEQ" NUMBER, 
	"MENU_SEQ" NUMBER, 
	"ORDER_CNT" NUMBER, 
	"PAY_FLAG" VARCHAR2(1 BYTE), 
	"IN_DATE" VARCHAR2(15 BYTE), 
	"IN_USER_ID" VARCHAR2(20 BYTE), 
	"UP_DATE" VARCHAR2(15 BYTE), 
	"UP_USER_ID" VARCHAR2(20 BYTE)
   ) SEGMENT CREATION IMMEDIATE 
  PCTFREE 10 PCTUSED 40 INITRANS 1 MAXTRANS 255 NOCOMPRESS LOGGING
  STORAGE(INITIAL 65536 NEXT 1048576 MINEXTENTS 1 MAXEXTENTS 2147483645
  PCTINCREASE 0 FREELISTS 1 FREELIST GROUPS 1 BUFFER_POOL DEFAULT FLASH_CACHE DEFAULT CELL_FLASH_CACHE DEFAULT)
  TABLESPACE "SYSTEM" ;

   COMMENT ON COLUMN "TEAM2"."ORDER_INFO"."ORDER_SEQ" IS '주문번호';
   COMMENT ON COLUMN "TEAM2"."ORDER_INFO"."MENU_SEQ" IS '메뉴번호';
   COMMENT ON COLUMN "TEAM2"."ORDER_INFO"."ORDER_CNT" IS '주문수량';
   COMMENT ON COLUMN "TEAM2"."ORDER_INFO"."PAY_FLAG" IS '결제여부';
   COMMENT ON COLUMN "TEAM2"."ORDER_INFO"."IN_DATE" IS '입력일';
   COMMENT ON COLUMN "TEAM2"."ORDER_INFO"."IN_USER_ID" IS '입력자';
   COMMENT ON COLUMN "TEAM2"."ORDER_INFO"."UP_DATE" IS '수정일';
   COMMENT ON COLUMN "TEAM2"."ORDER_INFO"."UP_USER_ID" IS '수정자';
   COMMENT ON TABLE "TEAM2"."ORDER_INFO"  IS '주문';
--------------------------------------------------------
--  DDL for Table QNA
--------------------------------------------------------

  CREATE TABLE "TEAM2"."QNA" 
   (	"QNA_SEQ" NUMBER, 
	"QNA_TITLE" VARCHAR2(200 BYTE), 
	"QNA_CONTENT" VARCHAR2(4000 BYTE), 
	"QNA_ANSWER" VARCHAR2(4000 BYTE), 
	"DEL_FLAG" VARCHAR2(1 BYTE), 
	"ATTACH_FILE" VARCHAR2(50 BYTE), 
	"ATTACH_PATH" VARCHAR2(1000 BYTE), 
	"IN_DATE" VARCHAR2(15 BYTE), 
	"IN_USER_ID" VARCHAR2(20 BYTE), 
	"UP_DATE" VARCHAR2(15 BYTE), 
	"UP_USER_ID" VARCHAR2(20 BYTE)
   ) SEGMENT CREATION IMMEDIATE 
  PCTFREE 10 PCTUSED 40 INITRANS 1 MAXTRANS 255 NOCOMPRESS LOGGING
  STORAGE(INITIAL 65536 NEXT 1048576 MINEXTENTS 1 MAXEXTENTS 2147483645
  PCTINCREASE 0 FREELISTS 1 FREELIST GROUPS 1 BUFFER_POOL DEFAULT FLASH_CACHE DEFAULT CELL_FLASH_CACHE DEFAULT)
  TABLESPACE "SYSTEM" ;

   COMMENT ON COLUMN "TEAM2"."QNA"."QNA_SEQ" IS '문의번호';
   COMMENT ON COLUMN "TEAM2"."QNA"."QNA_TITLE" IS '문의제목';
   COMMENT ON COLUMN "TEAM2"."QNA"."QNA_CONTENT" IS '문의내용';
   COMMENT ON COLUMN "TEAM2"."QNA"."QNA_ANSWER" IS '문의답변';
   COMMENT ON COLUMN "TEAM2"."QNA"."DEL_FLAG" IS '문의삭제여부';
   COMMENT ON COLUMN "TEAM2"."QNA"."ATTACH_FILE" IS '문의첨부파일';
   COMMENT ON COLUMN "TEAM2"."QNA"."ATTACH_PATH" IS '문의파일경로';
   COMMENT ON COLUMN "TEAM2"."QNA"."IN_DATE" IS '입력일';
   COMMENT ON COLUMN "TEAM2"."QNA"."IN_USER_ID" IS '입력자';
   COMMENT ON COLUMN "TEAM2"."QNA"."UP_DATE" IS '수정일';
   COMMENT ON COLUMN "TEAM2"."QNA"."UP_USER_ID" IS '수정자';
   COMMENT ON TABLE "TEAM2"."QNA"  IS '문의';
--------------------------------------------------------
--  DDL for Table RECOM
--------------------------------------------------------

  CREATE TABLE "TEAM2"."RECOM" 
   (	"RECOM_SEQ" NUMBER, 
	"MENU_SEQ" NUMBER, 
	"USER_ID" VARCHAR2(20 BYTE), 
	"IN_DATE" VARCHAR2(15 BYTE), 
	"IN_USER_ID" VARCHAR2(20 BYTE), 
	"UP_DATE" VARCHAR2(15 BYTE), 
	"UP_USER_ID" VARCHAR2(20 BYTE)
   ) SEGMENT CREATION IMMEDIATE 
  PCTFREE 10 PCTUSED 40 INITRANS 1 MAXTRANS 255 NOCOMPRESS LOGGING
  STORAGE(INITIAL 65536 NEXT 1048576 MINEXTENTS 1 MAXEXTENTS 2147483645
  PCTINCREASE 0 FREELISTS 1 FREELIST GROUPS 1 BUFFER_POOL DEFAULT FLASH_CACHE DEFAULT CELL_FLASH_CACHE DEFAULT)
  TABLESPACE "SYSTEM" ;

   COMMENT ON COLUMN "TEAM2"."RECOM"."RECOM_SEQ" IS '추천메뉴번호';
   COMMENT ON COLUMN "TEAM2"."RECOM"."MENU_SEQ" IS '메뉴번호';
   COMMENT ON COLUMN "TEAM2"."RECOM"."USER_ID" IS '사용자아이디';
   COMMENT ON COLUMN "TEAM2"."RECOM"."IN_DATE" IS '입력일';
   COMMENT ON COLUMN "TEAM2"."RECOM"."IN_USER_ID" IS '입력자';
   COMMENT ON COLUMN "TEAM2"."RECOM"."UP_DATE" IS '수정일';
   COMMENT ON COLUMN "TEAM2"."RECOM"."UP_USER_ID" IS '수정자';
   COMMENT ON TABLE "TEAM2"."RECOM"  IS '추천메뉴';
--------------------------------------------------------
--  DDL for Table REPLY
--------------------------------------------------------

  CREATE TABLE "TEAM2"."REPLY" 
   (	"REPLY_SEQ" NUMBER, 
	"COMM_SEQ" NUMBER, 
	"REPLY_CONTENT" VARCHAR2(4000 BYTE), 
	"IN_DATE" VARCHAR2(15 BYTE), 
	"IN_USER_ID" VARCHAR2(20 BYTE), 
	"UP_DATE" VARCHAR2(20 BYTE), 
	"UP_USER_ID" VARCHAR2(20 BYTE)
   ) SEGMENT CREATION IMMEDIATE 
  PCTFREE 10 PCTUSED 40 INITRANS 1 MAXTRANS 255 NOCOMPRESS LOGGING
  STORAGE(INITIAL 65536 NEXT 1048576 MINEXTENTS 1 MAXEXTENTS 2147483645
  PCTINCREASE 0 FREELISTS 1 FREELIST GROUPS 1 BUFFER_POOL DEFAULT FLASH_CACHE DEFAULT CELL_FLASH_CACHE DEFAULT)
  TABLESPACE "SYSTEM" ;

   COMMENT ON COLUMN "TEAM2"."REPLY"."REPLY_SEQ" IS '댓글번호';
   COMMENT ON COLUMN "TEAM2"."REPLY"."COMM_SEQ" IS '글번호';
   COMMENT ON COLUMN "TEAM2"."REPLY"."REPLY_CONTENT" IS '댓글내용';
   COMMENT ON COLUMN "TEAM2"."REPLY"."IN_DATE" IS '입력일';
   COMMENT ON COLUMN "TEAM2"."REPLY"."IN_USER_ID" IS '입력자';
   COMMENT ON COLUMN "TEAM2"."REPLY"."UP_DATE" IS '수정일';
   COMMENT ON COLUMN "TEAM2"."REPLY"."UP_USER_ID" IS '수정자';
   COMMENT ON TABLE "TEAM2"."REPLY"  IS '댓글';
--------------------------------------------------------
--  DDL for Table ROOM
--------------------------------------------------------

  CREATE TABLE "TEAM2"."ROOM" 
   (	"ROOM_SEQ" NUMBER, 
	"DEL_FLAG" VARCHAR2(1 BYTE), 
	"IN_DATE" VARCHAR2(15 BYTE), 
	"IN_USER_ID" VARCHAR2(20 BYTE), 
	"UP_DATE" VARCHAR2(15 BYTE), 
	"UP_USER_ID" VARCHAR2(20 BYTE)
   ) SEGMENT CREATION IMMEDIATE 
  PCTFREE 10 PCTUSED 40 INITRANS 1 MAXTRANS 255 NOCOMPRESS LOGGING
  STORAGE(INITIAL 65536 NEXT 1048576 MINEXTENTS 1 MAXEXTENTS 2147483645
  PCTINCREASE 0 FREELISTS 1 FREELIST GROUPS 1 BUFFER_POOL DEFAULT FLASH_CACHE DEFAULT CELL_FLASH_CACHE DEFAULT)
  TABLESPACE "SYSTEM" ;

   COMMENT ON COLUMN "TEAM2"."ROOM"."ROOM_SEQ" IS '호수번호';
   COMMENT ON COLUMN "TEAM2"."ROOM"."DEL_FLAG" IS '호수삭제여부';
   COMMENT ON COLUMN "TEAM2"."ROOM"."IN_DATE" IS '입력일';
   COMMENT ON COLUMN "TEAM2"."ROOM"."IN_USER_ID" IS '입력자';
   COMMENT ON COLUMN "TEAM2"."ROOM"."UP_DATE" IS '수정일';
   COMMENT ON COLUMN "TEAM2"."ROOM"."UP_USER_ID" IS '수정자';
   COMMENT ON TABLE "TEAM2"."ROOM"  IS '호수';
--------------------------------------------------------
--  DDL for Table STORE_CODE
--------------------------------------------------------

  CREATE TABLE "TEAM2"."STORE_CODE" 
   (	"STORE_SEQ" NUMBER, 
	"STORE_CODE" VARCHAR2(500 BYTE), 
	"IN_DATE" VARCHAR2(15 BYTE), 
	"IN_USER_ID" VARCHAR2(20 BYTE)
   ) SEGMENT CREATION IMMEDIATE 
  PCTFREE 10 PCTUSED 40 INITRANS 1 MAXTRANS 255 NOCOMPRESS LOGGING
  STORAGE(INITIAL 65536 NEXT 1048576 MINEXTENTS 1 MAXEXTENTS 2147483645
  PCTINCREASE 0 FREELISTS 1 FREELIST GROUPS 1 BUFFER_POOL DEFAULT FLASH_CACHE DEFAULT CELL_FLASH_CACHE DEFAULT)
  TABLESPACE "SYSTEM" ;
--------------------------------------------------------
--  DDL for Table STORE_INFO
--------------------------------------------------------

  CREATE TABLE "TEAM2"."STORE_INFO" 
   (	"STORE_SEQ" NUMBER, 
	"STORE_NAME" VARCHAR2(200 BYTE), 
	"STORE_TEL" VARCHAR2(11 BYTE), 
	"DEL_FLAG" VARCHAR2(1 BYTE), 
	"IN_DATE" VARCHAR2(15 BYTE), 
	"IN_USER_ID" VARCHAR2(20 BYTE), 
	"UP_DATE" VARCHAR2(15 BYTE), 
	"UP_USER_ID" VARCHAR2(20 BYTE)
   ) SEGMENT CREATION IMMEDIATE 
  PCTFREE 10 PCTUSED 40 INITRANS 1 MAXTRANS 255 NOCOMPRESS LOGGING
  STORAGE(INITIAL 65536 NEXT 1048576 MINEXTENTS 1 MAXEXTENTS 2147483645
  PCTINCREASE 0 FREELISTS 1 FREELIST GROUPS 1 BUFFER_POOL DEFAULT FLASH_CACHE DEFAULT CELL_FLASH_CACHE DEFAULT)
  TABLESPACE "SYSTEM" ;

   COMMENT ON COLUMN "TEAM2"."STORE_INFO"."STORE_SEQ" IS '업체번호';
   COMMENT ON COLUMN "TEAM2"."STORE_INFO"."STORE_NAME" IS '업체명';
   COMMENT ON COLUMN "TEAM2"."STORE_INFO"."STORE_TEL" IS '업체전화번호';
   COMMENT ON COLUMN "TEAM2"."STORE_INFO"."DEL_FLAG" IS '업체삭제여부';
   COMMENT ON COLUMN "TEAM2"."STORE_INFO"."IN_DATE" IS '입력일';
   COMMENT ON COLUMN "TEAM2"."STORE_INFO"."IN_USER_ID" IS '입력자';
   COMMENT ON COLUMN "TEAM2"."STORE_INFO"."UP_DATE" IS '수정일';
   COMMENT ON COLUMN "TEAM2"."STORE_INFO"."UP_USER_ID" IS '수정자';
   COMMENT ON TABLE "TEAM2"."STORE_INFO"  IS '업체';
--------------------------------------------------------
--  DDL for Table USER_INFO
--------------------------------------------------------

  CREATE TABLE "TEAM2"."USER_INFO" 
   (	"USER_ID" VARCHAR2(20 BYTE), 
	"ROOM_SEQ" NUMBER, 
	"USER_PWD" VARCHAR2(50 BYTE), 
	"USER_NAME" VARCHAR2(20 BYTE), 
	"USER_MOBILE" VARCHAR2(11 BYTE), 
	"USER_EMAIL" VARCHAR2(50 BYTE), 
	"USER_GUBUN" VARCHAR2(1 BYTE), 
	"GRADUATION_FLAG" VARCHAR2(1 BYTE), 
	"IN_DATE" VARCHAR2(15 BYTE), 
	"IN_USER_ID" VARCHAR2(20 BYTE), 
	"UP_DATE" VARCHAR2(15 BYTE), 
	"UP_USER_ID" VARCHAR2(20 BYTE)
   ) SEGMENT CREATION IMMEDIATE 
  PCTFREE 10 PCTUSED 40 INITRANS 1 MAXTRANS 255 NOCOMPRESS LOGGING
  STORAGE(INITIAL 65536 NEXT 1048576 MINEXTENTS 1 MAXEXTENTS 2147483645
  PCTINCREASE 0 FREELISTS 1 FREELIST GROUPS 1 BUFFER_POOL DEFAULT FLASH_CACHE DEFAULT CELL_FLASH_CACHE DEFAULT)
  TABLESPACE "SYSTEM" ;

   COMMENT ON COLUMN "TEAM2"."USER_INFO"."USER_ID" IS '사용자아이디';
   COMMENT ON COLUMN "TEAM2"."USER_INFO"."ROOM_SEQ" IS '호수번호';
   COMMENT ON COLUMN "TEAM2"."USER_INFO"."USER_PWD" IS '사용자비밀번호';
   COMMENT ON COLUMN "TEAM2"."USER_INFO"."USER_NAME" IS '사용자이름';
   COMMENT ON COLUMN "TEAM2"."USER_INFO"."USER_MOBILE" IS '사용자전화번호';
   COMMENT ON COLUMN "TEAM2"."USER_INFO"."USER_EMAIL" IS '사용자이메일';
   COMMENT ON COLUMN "TEAM2"."USER_INFO"."USER_GUBUN" IS '사용자구분';
   COMMENT ON COLUMN "TEAM2"."USER_INFO"."GRADUATION_FLAG" IS '졸업여부';
   COMMENT ON COLUMN "TEAM2"."USER_INFO"."IN_DATE" IS '입력일';
   COMMENT ON COLUMN "TEAM2"."USER_INFO"."IN_USER_ID" IS '입력자';
   COMMENT ON COLUMN "TEAM2"."USER_INFO"."UP_DATE" IS '수정일';
   COMMENT ON COLUMN "TEAM2"."USER_INFO"."UP_USER_ID" IS '수정자';
   COMMENT ON TABLE "TEAM2"."USER_INFO"  IS '사용자';
REM INSERTING into TEAM2.COMM
SET DEFINE OFF;
Insert into TEAM2.COMM (COMM_SEQ,COMM_TITLE,COMM_CONTENT,COMM_HIT,DEL_FLAG,ATTACH_FILE,ATTACH_PATH,IN_DATE,IN_USER_ID,UP_DATE,UP_USER_ID) values (2,'무주 갈비짬뽕','무주에 유명한 갈비짬뽕 한번가서먹어보세요',42,'n','KakaoTalk_20210417_102822132.jpg','20210419143351_KakaoTalk_20210417_102822132.jpg','20210419.143352','S00001','20210419.143352','S00001');
Insert into TEAM2.COMM (COMM_SEQ,COMM_TITLE,COMM_CONTENT,COMM_HIT,DEL_FLAG,ATTACH_FILE,ATTACH_PATH,IN_DATE,IN_USER_ID,UP_DATE,UP_USER_ID) values (3,'응급실 떡볶이','대전 중구 선화서로 39
매운맛의 국물떡볶이 맛있어요',17,'n','KakaoTalk_20210419_124423420.jpg','20210419144126_KakaoTalk_20210419_124423420.jpg','20210419.144127','S00001','20210419.144127','S00001');
Insert into TEAM2.COMM (COMM_SEQ,COMM_TITLE,COMM_CONTENT,COMM_HIT,DEL_FLAG,ATTACH_FILE,ATTACH_PATH,IN_DATE,IN_USER_ID,UP_DATE,UP_USER_ID) values (4,'은행동 롤링파스타','대전 중구 중앙로156번길 13 2층
백종원 롤링파스타 가격도좋고 맛도좋아요',24,'n','KakaoTalk_20210419_124230482.jpg','20210419144438_KakaoTalk_20210419_124230482.jpg','20210419.144440','S00001','20210419.144440','S00001');
Insert into TEAM2.COMM (COMM_SEQ,COMM_TITLE,COMM_CONTENT,COMM_HIT,DEL_FLAG,ATTACH_FILE,ATTACH_PATH,IN_DATE,IN_USER_ID,UP_DATE,UP_USER_ID) values (5,'군산시 키친후가 몬스터버거','와... 먹기힘들겠다',9,'n','png','20210419145329_png','20210419.145330','tkd753','20210419.145330','tkd753');
Insert into TEAM2.COMM (COMM_SEQ,COMM_TITLE,COMM_CONTENT,COMM_HIT,DEL_FLAG,ATTACH_FILE,ATTACH_PATH,IN_DATE,IN_USER_ID,UP_DATE,UP_USER_ID) values (6,'테스트','테스트',1,'y',null,null,'20210419.145342','1','20210419.145355','1');
Insert into TEAM2.COMM (COMM_SEQ,COMM_TITLE,COMM_CONTENT,COMM_HIT,DEL_FLAG,ATTACH_FILE,ATTACH_PATH,IN_DATE,IN_USER_ID,UP_DATE,UP_USER_ID) values (7,'탄방동 미세노센세','튀김도 바삭바삭하고 카레도 무한리필이라 좋아요 bbb',9,'n','asda.png','20210419150217_asda.png','20210419.150218','tkd753','20210419.150218','tkd753');
Insert into TEAM2.COMM (COMM_SEQ,COMM_TITLE,COMM_CONTENT,COMM_HIT,DEL_FLAG,ATTACH_FILE,ATTACH_PATH,IN_DATE,IN_USER_ID,UP_DATE,UP_USER_ID) values (8,'삼유재면소[중화육면]','면만 먹을땐 느끼하지만 국물에 김하고 밥 비벼먹으면 맛있어요 ~~',17,'n','IMG_6934.jpg','20210419150527_IMG_6934.jpg','20210419.150528','tkd753','20210419.150528','tkd753');
Insert into TEAM2.COMM (COMM_SEQ,COMM_TITLE,COMM_CONTENT,COMM_HIT,DEL_FLAG,ATTACH_FILE,ATTACH_PATH,IN_DATE,IN_USER_ID,UP_DATE,UP_USER_ID) values (9,'ㄴㅇ','ㅇㅇㅇ',1,'y',null,null,'20210419.191522','D00001','20210419.191535','D00001');
Insert into TEAM2.COMM (COMM_SEQ,COMM_TITLE,COMM_CONTENT,COMM_HIT,DEL_FLAG,ATTACH_FILE,ATTACH_PATH,IN_DATE,IN_USER_ID,UP_DATE,UP_USER_ID) values (10,'반석동 우동 겐로쿠 !!','면도 국물도 맛있고 면도 무한리필이라 좋아요 ~~!',2,'n','IMG_7199.jpg','20210419192311_IMG_7199.jpg','20210419.192312','tkd753','20210419.192312','tkd753');
Insert into TEAM2.COMM (COMM_SEQ,COMM_TITLE,COMM_CONTENT,COMM_HIT,DEL_FLAG,ATTACH_FILE,ATTACH_PATH,IN_DATE,IN_USER_ID,UP_DATE,UP_USER_ID) values (11,'은행동 해피치즈스마일','은행동에 위치한 해피치즈스마일!!!!
돈까스와 떡볶이의 조화는 진리죠!!
돈까스는 엄청 부드럽고 두툼하고 떡볶이에 당면튀김이 올라가있는데 정말 맛있습니다?',15,'n','jpg','20210419192442_jpg','20210419.192444','D00001','20210419.192444','D00001');
Insert into TEAM2.COMM (COMM_SEQ,COMM_TITLE,COMM_CONTENT,COMM_HIT,DEL_FLAG,ATTACH_FILE,ATTACH_PATH,IN_DATE,IN_USER_ID,UP_DATE,UP_USER_ID) values (12,'갈마동 돈가스 우츠','튀김옷이 바삭하고 고기가 두툼해서 좋아요 된장국에 고기가 들어가 있어서 더 좋았어요',4,'n','1803393_1602819958217_16680.jfif','20210419192514_1803393_1602819958217_16680.jfif','20210419.192515','tkd753','20210419.192515','tkd753');
Insert into TEAM2.COMM (COMM_SEQ,COMM_TITLE,COMM_CONTENT,COMM_HIT,DEL_FLAG,ATTACH_FILE,ATTACH_PATH,IN_DATE,IN_USER_ID,UP_DATE,UP_USER_ID) values (13,'오정동 할매순대국밥','#소통해요 #식스타그램',4,'n','png','20210420093649_png','20210420.093650','wlgns803','20210420.093650','wlgns803');
Insert into TEAM2.COMM (COMM_SEQ,COMM_TITLE,COMM_CONTENT,COMM_HIT,DEL_FLAG,ATTACH_FILE,ATTACH_PATH,IN_DATE,IN_USER_ID,UP_DATE,UP_USER_ID) values (14,'갈마동 아삼육회','#소통해요 #육회존맛',17,'n','jpg','20210420093829_jpg','20210420.093830','wlgns803','20210420.093830','wlgns803');
Insert into TEAM2.COMM (COMM_SEQ,COMM_TITLE,COMM_CONTENT,COMM_HIT,DEL_FLAG,ATTACH_FILE,ATTACH_PATH,IN_DATE,IN_USER_ID,UP_DATE,UP_USER_ID) values (15,'ㄴㅇㄹㄴㅁ','ㄴㅇㄹㄴㅁ',2,'y',null,null,'20210420.143959','1','20210420.144007','1');
Insert into TEAM2.COMM (COMM_SEQ,COMM_TITLE,COMM_CONTENT,COMM_HIT,DEL_FLAG,ATTACH_FILE,ATTACH_PATH,IN_DATE,IN_USER_ID,UP_DATE,UP_USER_ID) values (16,'ㅁㄴㅇㄻㄴㅇㄹㄹ','ㅁㄴㅇㄻㄴㅇㄹ',1,'y',null,null,'20210420.150935','D00001','20210420.150943','D00001');
Insert into TEAM2.COMM (COMM_SEQ,COMM_TITLE,COMM_CONTENT,COMM_HIT,DEL_FLAG,ATTACH_FILE,ATTACH_PATH,IN_DATE,IN_USER_ID,UP_DATE,UP_USER_ID) values (17,'yhhh','hjhjhj',1,'y','home1.png','20210420152442_home1.png','20210420.152444','1','20210420.152505','1');
Insert into TEAM2.COMM (COMM_SEQ,COMM_TITLE,COMM_CONTENT,COMM_HIT,DEL_FLAG,ATTACH_FILE,ATTACH_PATH,IN_DATE,IN_USER_ID,UP_DATE,UP_USER_ID) values (18,'맛있는 은행동 양연화로','고기가 맛있습니다 ... 저와 같이 오늘 저녁 하실분은 댓글 달아주세요!!
',4,'y','PNG','20210421212941_PNG','20210421.212941','S00001','20210422.120804','S00001');
Insert into TEAM2.COMM (COMM_SEQ,COMM_TITLE,COMM_CONTENT,COMM_HIT,DEL_FLAG,ATTACH_FILE,ATTACH_PATH,IN_DATE,IN_USER_ID,UP_DATE,UP_USER_ID) values (19,'맛있는 은행동 양연화로','고기가 맛있습니다 ... 저와 같이 오늘 저녁 하실분은 댓글 달아주세요!!
',2,'y','starbucks.jpg','20210422115208_starbucks.jpg','20210422.115209','S00001','20210422.120800','S00001');
Insert into TEAM2.COMM (COMM_SEQ,COMM_TITLE,COMM_CONTENT,COMM_HIT,DEL_FLAG,ATTACH_FILE,ATTACH_PATH,IN_DATE,IN_USER_ID,UP_DATE,UP_USER_ID) values (20,'맛있는 은행동 양연화로','고기가 맛있습니다 ... 저와 같이 오늘 저녁 하실분은 댓글 달아주세요!!
',0,'n','PNG','20210422135730_PNG','20210422.135737','S00001','20210422.135737','S00001');
REM INSERTING into TEAM2.GOOD
SET DEFINE OFF;
Insert into TEAM2.GOOD (USER_ID,COMM_SEQ,IN_DATE,IN_USER_ID,UP_DATE,UP_USER_ID) values ('S00001',2,'20210421.194337','S00001','20210421.194337','S00001');
Insert into TEAM2.GOOD (USER_ID,COMM_SEQ,IN_DATE,IN_USER_ID,UP_DATE,UP_USER_ID) values ('D00002',7,'20210419.161452','D00002','20210419.161452','D00002');
Insert into TEAM2.GOOD (USER_ID,COMM_SEQ,IN_DATE,IN_USER_ID,UP_DATE,UP_USER_ID) values ('1',7,'20210419.150335','1','20210419.150335','1');
Insert into TEAM2.GOOD (USER_ID,COMM_SEQ,IN_DATE,IN_USER_ID,UP_DATE,UP_USER_ID) values ('1',5,'20210419.150345','1','20210419.150345','1');
Insert into TEAM2.GOOD (USER_ID,COMM_SEQ,IN_DATE,IN_USER_ID,UP_DATE,UP_USER_ID) values ('tkd753',3,'20210419.162732','tkd753','20210419.162732','tkd753');
Insert into TEAM2.GOOD (USER_ID,COMM_SEQ,IN_DATE,IN_USER_ID,UP_DATE,UP_USER_ID) values ('D00002',8,'20210419.182658','D00002','20210419.182658','D00002');
Insert into TEAM2.GOOD (USER_ID,COMM_SEQ,IN_DATE,IN_USER_ID,UP_DATE,UP_USER_ID) values ('S00001',8,'20210419.191201','S00001','20210419.191201','S00001');
Insert into TEAM2.GOOD (USER_ID,COMM_SEQ,IN_DATE,IN_USER_ID,UP_DATE,UP_USER_ID) values ('D00001',11,'20210419.192809','D00001','20210419.192809','D00001');
Insert into TEAM2.GOOD (USER_ID,COMM_SEQ,IN_DATE,IN_USER_ID,UP_DATE,UP_USER_ID) values ('1',4,'20210420.143946','1','20210420.143946','1');
Insert into TEAM2.GOOD (USER_ID,COMM_SEQ,IN_DATE,IN_USER_ID,UP_DATE,UP_USER_ID) values ('wlgns803',14,'20210420.095015','wlgns803','20210420.095015','wlgns803');
Insert into TEAM2.GOOD (USER_ID,COMM_SEQ,IN_DATE,IN_USER_ID,UP_DATE,UP_USER_ID) values ('wlgns803',11,'20210420.095026','wlgns803','20210420.095026','wlgns803');
Insert into TEAM2.GOOD (USER_ID,COMM_SEQ,IN_DATE,IN_USER_ID,UP_DATE,UP_USER_ID) values ('S00001',14,'20210421.113600','S00001','20210421.113600','S00001');
Insert into TEAM2.GOOD (USER_ID,COMM_SEQ,IN_DATE,IN_USER_ID,UP_DATE,UP_USER_ID) values ('S00001',13,'20210421.194243','S00001','20210421.194243','S00001');
Insert into TEAM2.GOOD (USER_ID,COMM_SEQ,IN_DATE,IN_USER_ID,UP_DATE,UP_USER_ID) values ('S00001',11,'20210422.135630','S00001','20210422.135630','S00001');
REM INSERTING into TEAM2.MENU
SET DEFINE OFF;
Insert into TEAM2.MENU (MENU_SEQ,STORE_SEQ,MENU_NAME,MENU_PRICE,DEL_FLAG,IN_DATE,IN_USER_ID,UP_DATE,UP_USER_ID) values (3,2,'큐브스테이크덮밥(세트)',10000,'n','20210414.113034','1','20210414.113034','1');
Insert into TEAM2.MENU (MENU_SEQ,STORE_SEQ,MENU_NAME,MENU_PRICE,DEL_FLAG,IN_DATE,IN_USER_ID,UP_DATE,UP_USER_ID) values (4,2,'소불숙주덮밥(단품)',6000,'n','20210414.113034','1','20210414.113034','1');
Insert into TEAM2.MENU (MENU_SEQ,STORE_SEQ,MENU_NAME,MENU_PRICE,DEL_FLAG,IN_DATE,IN_USER_ID,UP_DATE,UP_USER_ID) values (5,2,'소불숙주덮밥(세트)',8500,'n','20210414.113034','1','20210414.113034','1');
Insert into TEAM2.MENU (MENU_SEQ,STORE_SEQ,MENU_NAME,MENU_PRICE,DEL_FLAG,IN_DATE,IN_USER_ID,UP_DATE,UP_USER_ID) values (6,2,'제육숙주덮밥(단품)',5000,'n','20210414.113034','1','20210414.113034','1');
Insert into TEAM2.MENU (MENU_SEQ,STORE_SEQ,MENU_NAME,MENU_PRICE,DEL_FLAG,IN_DATE,IN_USER_ID,UP_DATE,UP_USER_ID) values (7,2,'제육숙주덮밥(세트)',7500,'n','20210414.113034','1','20210414.113034','1');
Insert into TEAM2.MENU (MENU_SEQ,STORE_SEQ,MENU_NAME,MENU_PRICE,DEL_FLAG,IN_DATE,IN_USER_ID,UP_DATE,UP_USER_ID) values (8,2,'닭갈비숙주덮밥(단품)',5000,'n','20210414.113034','1','20210414.113034','1');
Insert into TEAM2.MENU (MENU_SEQ,STORE_SEQ,MENU_NAME,MENU_PRICE,DEL_FLAG,IN_DATE,IN_USER_ID,UP_DATE,UP_USER_ID) values (9,2,'닭갈비숙주덮밥(세트)',7500,'n','20210414.113034','1','20210414.113034','1');
Insert into TEAM2.MENU (MENU_SEQ,STORE_SEQ,MENU_NAME,MENU_PRICE,DEL_FLAG,IN_DATE,IN_USER_ID,UP_DATE,UP_USER_ID) values (10,2,'쭈삼덮밥(단품)',6200,'n','20210414.113034','1','20210414.113034','1');
Insert into TEAM2.MENU (MENU_SEQ,STORE_SEQ,MENU_NAME,MENU_PRICE,DEL_FLAG,IN_DATE,IN_USER_ID,UP_DATE,UP_USER_ID) values (11,2,'쭈삼덮밥(세트)',8700,'n','20210414.113034','1','20210414.113034','1');
Insert into TEAM2.MENU (MENU_SEQ,STORE_SEQ,MENU_NAME,MENU_PRICE,DEL_FLAG,IN_DATE,IN_USER_ID,UP_DATE,UP_USER_ID) values (12,2,'쭈곱덮밥(단품)',6200,'n','20210414.113034','1','20210414.113034','1');
Insert into TEAM2.MENU (MENU_SEQ,STORE_SEQ,MENU_NAME,MENU_PRICE,DEL_FLAG,IN_DATE,IN_USER_ID,UP_DATE,UP_USER_ID) values (13,2,'쭈곱덮밥(세트)',8700,'n','20210414.113034','1','20210414.113034','1');
Insert into TEAM2.MENU (MENU_SEQ,STORE_SEQ,MENU_NAME,MENU_PRICE,DEL_FLAG,IN_DATE,IN_USER_ID,UP_DATE,UP_USER_ID) values (14,2,'삼겹매콤와퍼(단품)',6300,'n','20210414.113340','1','20210414.113340','1');
Insert into TEAM2.MENU (MENU_SEQ,STORE_SEQ,MENU_NAME,MENU_PRICE,DEL_FLAG,IN_DATE,IN_USER_ID,UP_DATE,UP_USER_ID) values (15,2,'삼겹매콤와퍼(세트)',8800,'n','20210414.113340','1','20210414.113340','1');
Insert into TEAM2.MENU (MENU_SEQ,STORE_SEQ,MENU_NAME,MENU_PRICE,DEL_FLAG,IN_DATE,IN_USER_ID,UP_DATE,UP_USER_ID) values (16,2,'데리와퍼치킨(단품)',3800,'n','20210414.113340','1','20210414.113340','1');
Insert into TEAM2.MENU (MENU_SEQ,STORE_SEQ,MENU_NAME,MENU_PRICE,DEL_FLAG,IN_DATE,IN_USER_ID,UP_DATE,UP_USER_ID) values (17,2,'데리와퍼치킨(세트)',6300,'n','20210414.113340','1','20210414.113340','1');
Insert into TEAM2.MENU (MENU_SEQ,STORE_SEQ,MENU_NAME,MENU_PRICE,DEL_FLAG,IN_DATE,IN_USER_ID,UP_DATE,UP_USER_ID) values (18,2,'김치제육와퍼(단품)',4700,'n','20210414.113340','1','20210414.113340','1');
Insert into TEAM2.MENU (MENU_SEQ,STORE_SEQ,MENU_NAME,MENU_PRICE,DEL_FLAG,IN_DATE,IN_USER_ID,UP_DATE,UP_USER_ID) values (19,2,'김치제육와퍼(세트)',7200,'n','20210414.113340','1','20210414.113340','1');
Insert into TEAM2.MENU (MENU_SEQ,STORE_SEQ,MENU_NAME,MENU_PRICE,DEL_FLAG,IN_DATE,IN_USER_ID,UP_DATE,UP_USER_ID) values (20,2,'제육와퍼(단품)',4200,'n','20210414.113340','1','20210414.113340','1');
Insert into TEAM2.MENU (MENU_SEQ,STORE_SEQ,MENU_NAME,MENU_PRICE,DEL_FLAG,IN_DATE,IN_USER_ID,UP_DATE,UP_USER_ID) values (21,2,'제육와퍼(세트)',7200,'n','20210414.113340','1','20210414.113340','1');
Insert into TEAM2.MENU (MENU_SEQ,STORE_SEQ,MENU_NAME,MENU_PRICE,DEL_FLAG,IN_DATE,IN_USER_ID,UP_DATE,UP_USER_ID) values (22,2,'데리와퍼참치(단품)',3800,'n','20210414.113340','1','20210414.113340','1');
Insert into TEAM2.MENU (MENU_SEQ,STORE_SEQ,MENU_NAME,MENU_PRICE,DEL_FLAG,IN_DATE,IN_USER_ID,UP_DATE,UP_USER_ID) values (23,2,'데리와퍼참치(세트)',6300,'n','20210414.113340','1','20210414.113340','1');
Insert into TEAM2.MENU (MENU_SEQ,STORE_SEQ,MENU_NAME,MENU_PRICE,DEL_FLAG,IN_DATE,IN_USER_ID,UP_DATE,UP_USER_ID) values (24,2,'숯불곱창마요(단품)',4900,'n','20210414.113538','1','20210414.113538','1');
Insert into TEAM2.MENU (MENU_SEQ,STORE_SEQ,MENU_NAME,MENU_PRICE,DEL_FLAG,IN_DATE,IN_USER_ID,UP_DATE,UP_USER_ID) values (25,2,'숯불곱창마요(세트)',7400,'n','20210414.113538','1','20210414.113538','1');
Insert into TEAM2.MENU (MENU_SEQ,STORE_SEQ,MENU_NAME,MENU_PRICE,DEL_FLAG,IN_DATE,IN_USER_ID,UP_DATE,UP_USER_ID) values (26,2,'삼겹매콤마요(단품)',4300,'n','20210414.113538','1','20210414.113538','1');
Insert into TEAM2.MENU (MENU_SEQ,STORE_SEQ,MENU_NAME,MENU_PRICE,DEL_FLAG,IN_DATE,IN_USER_ID,UP_DATE,UP_USER_ID) values (27,2,'삼겹매콤마요(세트)',6800,'n','20210414.113538','1','20210414.113538','1');
Insert into TEAM2.MENU (MENU_SEQ,STORE_SEQ,MENU_NAME,MENU_PRICE,DEL_FLAG,IN_DATE,IN_USER_ID,UP_DATE,UP_USER_ID) values (1,1,'대전도시락',3500,'n','20210414.112728','1','20210414.203640','1');
Insert into TEAM2.MENU (MENU_SEQ,STORE_SEQ,MENU_NAME,MENU_PRICE,DEL_FLAG,IN_DATE,IN_USER_ID,UP_DATE,UP_USER_ID) values (2,2,'큐브스테이크덮밥(단품)',7500,'n','20210414.113034','1','20210420.165954','1');
Insert into TEAM2.MENU (MENU_SEQ,STORE_SEQ,MENU_NAME,MENU_PRICE,DEL_FLAG,IN_DATE,IN_USER_ID,UP_DATE,UP_USER_ID) values (28,2,'치킨마요(단품)',2900,'n','20210414.113538','1','20210414.113538','1');
Insert into TEAM2.MENU (MENU_SEQ,STORE_SEQ,MENU_NAME,MENU_PRICE,DEL_FLAG,IN_DATE,IN_USER_ID,UP_DATE,UP_USER_ID) values (29,2,'치킨마요(세트)',5400,'n','20210414.113538','1','20210414.113538','1');
Insert into TEAM2.MENU (MENU_SEQ,STORE_SEQ,MENU_NAME,MENU_PRICE,DEL_FLAG,IN_DATE,IN_USER_ID,UP_DATE,UP_USER_ID) values (30,2,'참치마요(단품)',2900,'n','20210414.113538','1','20210414.113538','1');
Insert into TEAM2.MENU (MENU_SEQ,STORE_SEQ,MENU_NAME,MENU_PRICE,DEL_FLAG,IN_DATE,IN_USER_ID,UP_DATE,UP_USER_ID) values (31,2,'참치마요(세트)',5400,'n','20210414.113538','1','20210414.113538','1');
Insert into TEAM2.MENU (MENU_SEQ,STORE_SEQ,MENU_NAME,MENU_PRICE,DEL_FLAG,IN_DATE,IN_USER_ID,UP_DATE,UP_USER_ID) values (32,2,'불고기비빔밥(단품)',6300,'n','20210414.113717','1','20210414.113717','1');
Insert into TEAM2.MENU (MENU_SEQ,STORE_SEQ,MENU_NAME,MENU_PRICE,DEL_FLAG,IN_DATE,IN_USER_ID,UP_DATE,UP_USER_ID) values (33,2,'불고기비빔밥(세트)',8800,'n','20210414.113717','1','20210414.113717','1');
Insert into TEAM2.MENU (MENU_SEQ,STORE_SEQ,MENU_NAME,MENU_PRICE,DEL_FLAG,IN_DATE,IN_USER_ID,UP_DATE,UP_USER_ID) values (34,2,'강된장제육비빔밥(단품)',5500,'n','20210414.113717','1','20210414.113717','1');
Insert into TEAM2.MENU (MENU_SEQ,STORE_SEQ,MENU_NAME,MENU_PRICE,DEL_FLAG,IN_DATE,IN_USER_ID,UP_DATE,UP_USER_ID) values (35,2,'강된장제육비빔밥(세트)',8000,'n','20210414.113717','1','20210414.113717','1');
Insert into TEAM2.MENU (MENU_SEQ,STORE_SEQ,MENU_NAME,MENU_PRICE,DEL_FLAG,IN_DATE,IN_USER_ID,UP_DATE,UP_USER_ID) values (36,2,'야채참치비빔밥(단품)',5000,'n','20210414.113717','1','20210414.113717','1');
Insert into TEAM2.MENU (MENU_SEQ,STORE_SEQ,MENU_NAME,MENU_PRICE,DEL_FLAG,IN_DATE,IN_USER_ID,UP_DATE,UP_USER_ID) values (37,2,'야채참치비빔밥(세트)',7500,'n','20210414.113717','1','20210414.113717','1');
Insert into TEAM2.MENU (MENU_SEQ,STORE_SEQ,MENU_NAME,MENU_PRICE,DEL_FLAG,IN_DATE,IN_USER_ID,UP_DATE,UP_USER_ID) values (38,2,'불고기비빔밥(단품)',6300,'n','20210414.113747','1','20210414.113747','1');
Insert into TEAM2.MENU (MENU_SEQ,STORE_SEQ,MENU_NAME,MENU_PRICE,DEL_FLAG,IN_DATE,IN_USER_ID,UP_DATE,UP_USER_ID) values (39,2,'불고기비빔밥(세트)',8800,'n','20210414.113747','1','20210414.113747','1');
Insert into TEAM2.MENU (MENU_SEQ,STORE_SEQ,MENU_NAME,MENU_PRICE,DEL_FLAG,IN_DATE,IN_USER_ID,UP_DATE,UP_USER_ID) values (40,2,'강된장제육비빔밥(단품)',5500,'n','20210414.113747','1','20210414.113747','1');
Insert into TEAM2.MENU (MENU_SEQ,STORE_SEQ,MENU_NAME,MENU_PRICE,DEL_FLAG,IN_DATE,IN_USER_ID,UP_DATE,UP_USER_ID) values (41,2,'강된장제육비빔밥(세트)',8000,'n','20210414.113747','1','20210414.113747','1');
Insert into TEAM2.MENU (MENU_SEQ,STORE_SEQ,MENU_NAME,MENU_PRICE,DEL_FLAG,IN_DATE,IN_USER_ID,UP_DATE,UP_USER_ID) values (42,2,'야채참치비빔밥(단품)',5000,'n','20210414.113747','1','20210414.113747','1');
Insert into TEAM2.MENU (MENU_SEQ,STORE_SEQ,MENU_NAME,MENU_PRICE,DEL_FLAG,IN_DATE,IN_USER_ID,UP_DATE,UP_USER_ID) values (43,2,'야채참치비빔밥(세트)',7500,'n','20210414.113747','1','20210414.113747','1');
Insert into TEAM2.MENU (MENU_SEQ,STORE_SEQ,MENU_NAME,MENU_PRICE,DEL_FLAG,IN_DATE,IN_USER_ID,UP_DATE,UP_USER_ID) values (44,2,'마늘보쌈도시락(단품)',6500,'n','20210414.114221','1','20210414.114221','1');
Insert into TEAM2.MENU (MENU_SEQ,STORE_SEQ,MENU_NAME,MENU_PRICE,DEL_FLAG,IN_DATE,IN_USER_ID,UP_DATE,UP_USER_ID) values (45,2,'마늘보쌈도시락(단품)+보쌈추가',9000,'n','20210414.114222','1','20210414.114222','1');
Insert into TEAM2.MENU (MENU_SEQ,STORE_SEQ,MENU_NAME,MENU_PRICE,DEL_FLAG,IN_DATE,IN_USER_ID,UP_DATE,UP_USER_ID) values (46,2,'마늘보쌈도시락(세트)',9000,'n','20210414.114222','1','20210414.114222','1');
Insert into TEAM2.MENU (MENU_SEQ,STORE_SEQ,MENU_NAME,MENU_PRICE,DEL_FLAG,IN_DATE,IN_USER_ID,UP_DATE,UP_USER_ID) values (47,2,'마늘보쌈도시락(세트)+보쌈추가',11500,'n','20210414.114222','1','20210414.114222','1');
Insert into TEAM2.MENU (MENU_SEQ,STORE_SEQ,MENU_NAME,MENU_PRICE,DEL_FLAG,IN_DATE,IN_USER_ID,UP_DATE,UP_USER_ID) values (48,2,'떡갈비도시락(단품)',5500,'n','20210414.114222','1','20210414.114222','1');
Insert into TEAM2.MENU (MENU_SEQ,STORE_SEQ,MENU_NAME,MENU_PRICE,DEL_FLAG,IN_DATE,IN_USER_ID,UP_DATE,UP_USER_ID) values (49,2,'떡갈비도시락(세트)',8000,'n','20210414.114222','1','20210414.114222','1');
Insert into TEAM2.MENU (MENU_SEQ,STORE_SEQ,MENU_NAME,MENU_PRICE,DEL_FLAG,IN_DATE,IN_USER_ID,UP_DATE,UP_USER_ID) values (50,2,'수제함박정식도시락(단품)',6500,'n','20210414.114502','1','20210414.114502','1');
Insert into TEAM2.MENU (MENU_SEQ,STORE_SEQ,MENU_NAME,MENU_PRICE,DEL_FLAG,IN_DATE,IN_USER_ID,UP_DATE,UP_USER_ID) values (51,2,'수제함박도시락(세트)',9000,'n','20210414.114503','1','20210414.114503','1');
Insert into TEAM2.MENU (MENU_SEQ,STORE_SEQ,MENU_NAME,MENU_PRICE,DEL_FLAG,IN_DATE,IN_USER_ID,UP_DATE,UP_USER_ID) values (52,2,'제육볶음도시락(단품)',4500,'n','20210414.114503','1','20210414.114503','1');
Insert into TEAM2.MENU (MENU_SEQ,STORE_SEQ,MENU_NAME,MENU_PRICE,DEL_FLAG,IN_DATE,IN_USER_ID,UP_DATE,UP_USER_ID) values (53,2,'제육볶음도시락(세트)',7000,'n','20210414.114503','1','20210414.114503','1');
Insert into TEAM2.MENU (MENU_SEQ,STORE_SEQ,MENU_NAME,MENU_PRICE,DEL_FLAG,IN_DATE,IN_USER_ID,UP_DATE,UP_USER_ID) values (54,2,'소불고기도시락(단품)',6000,'n','20210414.114503','1','20210414.114503','1');
Insert into TEAM2.MENU (MENU_SEQ,STORE_SEQ,MENU_NAME,MENU_PRICE,DEL_FLAG,IN_DATE,IN_USER_ID,UP_DATE,UP_USER_ID) values (55,2,'소불고기도시락(세트)',8500,'n','20210414.114503','1','20210414.114503','1');
Insert into TEAM2.MENU (MENU_SEQ,STORE_SEQ,MENU_NAME,MENU_PRICE,DEL_FLAG,IN_DATE,IN_USER_ID,UP_DATE,UP_USER_ID) values (56,2,'콤보도시락(단품)',4500,'n','20210414.114503','1','20210414.114503','1');
Insert into TEAM2.MENU (MENU_SEQ,STORE_SEQ,MENU_NAME,MENU_PRICE,DEL_FLAG,IN_DATE,IN_USER_ID,UP_DATE,UP_USER_ID) values (57,2,'콤보도시락(세트)',7000,'n','20210414.114503','1','20210414.114503','1');
Insert into TEAM2.MENU (MENU_SEQ,STORE_SEQ,MENU_NAME,MENU_PRICE,DEL_FLAG,IN_DATE,IN_USER_ID,UP_DATE,UP_USER_ID) values (58,2,'칠리콤보도시락(단품)',4800,'n','20210414.114503','1','20210414.114503','1');
Insert into TEAM2.MENU (MENU_SEQ,STORE_SEQ,MENU_NAME,MENU_PRICE,DEL_FLAG,IN_DATE,IN_USER_ID,UP_DATE,UP_USER_ID) values (59,2,'칠리콤보도시락(세트)',7300,'n','20210414.114503','1','20210414.114503','1');
Insert into TEAM2.MENU (MENU_SEQ,STORE_SEQ,MENU_NAME,MENU_PRICE,DEL_FLAG,IN_DATE,IN_USER_ID,UP_DATE,UP_USER_ID) values (60,2,'새우콤보도시락(단품)',5000,'n','20210414.114503','1','20210414.114503','1');
Insert into TEAM2.MENU (MENU_SEQ,STORE_SEQ,MENU_NAME,MENU_PRICE,DEL_FLAG,IN_DATE,IN_USER_ID,UP_DATE,UP_USER_ID) values (61,2,'새우콤보도시락(세트)',7500,'n','20210414.114503','1','20210414.114503','1');
Insert into TEAM2.MENU (MENU_SEQ,STORE_SEQ,MENU_NAME,MENU_PRICE,DEL_FLAG,IN_DATE,IN_USER_ID,UP_DATE,UP_USER_ID) values (62,2,'마늘간장치킨도시락(단품)',5000,'n','20210414.114638','1','20210414.114638','1');
Insert into TEAM2.MENU (MENU_SEQ,STORE_SEQ,MENU_NAME,MENU_PRICE,DEL_FLAG,IN_DATE,IN_USER_ID,UP_DATE,UP_USER_ID) values (63,2,'마늘간장치킨도시락(세트)',7500,'n','20210414.114638','1','20210414.114638','1');
Insert into TEAM2.MENU (MENU_SEQ,STORE_SEQ,MENU_NAME,MENU_PRICE,DEL_FLAG,IN_DATE,IN_USER_ID,UP_DATE,UP_USER_ID) values (64,2,'불맛땡초치킨도시락(단품)',5000,'n','20210414.114638','1','20210414.114638','1');
Insert into TEAM2.MENU (MENU_SEQ,STORE_SEQ,MENU_NAME,MENU_PRICE,DEL_FLAG,IN_DATE,IN_USER_ID,UP_DATE,UP_USER_ID) values (65,2,'불맛땡초치킨도시락(세트)',7500,'n','20210414.114638','1','20210414.114638','1');
Insert into TEAM2.MENU (MENU_SEQ,STORE_SEQ,MENU_NAME,MENU_PRICE,DEL_FLAG,IN_DATE,IN_USER_ID,UP_DATE,UP_USER_ID) values (66,2,'소불튀김도시락(단품)',5800,'n','20210414.114638','1','20210414.114638','1');
Insert into TEAM2.MENU (MENU_SEQ,STORE_SEQ,MENU_NAME,MENU_PRICE,DEL_FLAG,IN_DATE,IN_USER_ID,UP_DATE,UP_USER_ID) values (67,2,'소불튀김도시락(세트)',8300,'n','20210414.114638','1','20210414.114638','1');
Insert into TEAM2.MENU (MENU_SEQ,STORE_SEQ,MENU_NAME,MENU_PRICE,DEL_FLAG,IN_DATE,IN_USER_ID,UP_DATE,UP_USER_ID) values (68,2,'치킨커리(단품)',4800,'n','20210414.114826','1','20210414.114826','1');
Insert into TEAM2.MENU (MENU_SEQ,STORE_SEQ,MENU_NAME,MENU_PRICE,DEL_FLAG,IN_DATE,IN_USER_ID,UP_DATE,UP_USER_ID) values (69,2,'치킨커리(세트)',7300,'n','20210414.114826','1','20210414.114826','1');
Insert into TEAM2.MENU (MENU_SEQ,STORE_SEQ,MENU_NAME,MENU_PRICE,DEL_FLAG,IN_DATE,IN_USER_ID,UP_DATE,UP_USER_ID) values (70,2,'돈까스커리(단품)',4800,'n','20210414.114827','1','20210414.114827','1');
Insert into TEAM2.MENU (MENU_SEQ,STORE_SEQ,MENU_NAME,MENU_PRICE,DEL_FLAG,IN_DATE,IN_USER_ID,UP_DATE,UP_USER_ID) values (71,2,'돈까스커리(세트)',7300,'n','20210414.114827','1','20210414.114827','1');
Insert into TEAM2.MENU (MENU_SEQ,STORE_SEQ,MENU_NAME,MENU_PRICE,DEL_FLAG,IN_DATE,IN_USER_ID,UP_DATE,UP_USER_ID) values (72,2,'김치찌개(밥포함)',4500,'n','20210414.114827','1','20210414.114827','1');
Insert into TEAM2.MENU (MENU_SEQ,STORE_SEQ,MENU_NAME,MENU_PRICE,DEL_FLAG,IN_DATE,IN_USER_ID,UP_DATE,UP_USER_ID) values (73,2,'김치찌개(밥미포함)',4100,'n','20210414.114827','1','20210414.114827','1');
Insert into TEAM2.MENU (MENU_SEQ,STORE_SEQ,MENU_NAME,MENU_PRICE,DEL_FLAG,IN_DATE,IN_USER_ID,UP_DATE,UP_USER_ID) values (74,2,'육개장(밥포함)',4800,'n','20210414.114827','1','20210414.114827','1');
Insert into TEAM2.MENU (MENU_SEQ,STORE_SEQ,MENU_NAME,MENU_PRICE,DEL_FLAG,IN_DATE,IN_USER_ID,UP_DATE,UP_USER_ID) values (75,2,'육개장(밥미포함)',4400,'n','20210414.114827','1','20210414.114827','1');
Insert into TEAM2.MENU (MENU_SEQ,STORE_SEQ,MENU_NAME,MENU_PRICE,DEL_FLAG,IN_DATE,IN_USER_ID,UP_DATE,UP_USER_ID) values (76,2,'짝1호(제육+돈까스)(단품)',4500,'n','20210414.115049','1','20210414.115049','1');
Insert into TEAM2.MENU (MENU_SEQ,STORE_SEQ,MENU_NAME,MENU_PRICE,DEL_FLAG,IN_DATE,IN_USER_ID,UP_DATE,UP_USER_ID) values (77,2,'짝1호(제육+돈까스)(세트)',7000,'n','20210414.115049','1','20210414.115049','1');
Insert into TEAM2.MENU (MENU_SEQ,STORE_SEQ,MENU_NAME,MENU_PRICE,DEL_FLAG,IN_DATE,IN_USER_ID,UP_DATE,UP_USER_ID) values (78,2,'짝2호(소불+돈까스)(단품)',5500,'n','20210414.115049','1','20210414.115049','1');
Insert into TEAM2.MENU (MENU_SEQ,STORE_SEQ,MENU_NAME,MENU_PRICE,DEL_FLAG,IN_DATE,IN_USER_ID,UP_DATE,UP_USER_ID) values (79,2,'짝2호(소불+돈까스)(세트)',8000,'n','20210414.115049','1','20210414.115049','1');
Insert into TEAM2.MENU (MENU_SEQ,STORE_SEQ,MENU_NAME,MENU_PRICE,DEL_FLAG,IN_DATE,IN_USER_ID,UP_DATE,UP_USER_ID) values (80,2,'짝3호(제육 간장치킨)(단품)',4500,'n','20210414.115049','1','20210420.125038','1');
Insert into TEAM2.MENU (MENU_SEQ,STORE_SEQ,MENU_NAME,MENU_PRICE,DEL_FLAG,IN_DATE,IN_USER_ID,UP_DATE,UP_USER_ID) values (81,2,'짝3호(제육 간장치킨)(세트)',7000,'n','20210414.115049','1','20210414.115525','1');
Insert into TEAM2.MENU (MENU_SEQ,STORE_SEQ,MENU_NAME,MENU_PRICE,DEL_FLAG,IN_DATE,IN_USER_ID,UP_DATE,UP_USER_ID) values (82,2,'짝4호(소불+간장치킨)(단품)',5500,'n','20210414.120009','1','20210414.120009','1');
Insert into TEAM2.MENU (MENU_SEQ,STORE_SEQ,MENU_NAME,MENU_PRICE,DEL_FLAG,IN_DATE,IN_USER_ID,UP_DATE,UP_USER_ID) values (83,2,'짝4호(소불+간장치킨)(세트)',8000,'n','20210414.120009','1','20210414.120009','1');
Insert into TEAM2.MENU (MENU_SEQ,STORE_SEQ,MENU_NAME,MENU_PRICE,DEL_FLAG,IN_DATE,IN_USER_ID,UP_DATE,UP_USER_ID) values (84,2,'짝5호(소불+제육)(단품)',5500,'n','20210414.120009','1','20210414.120009','1');
Insert into TEAM2.MENU (MENU_SEQ,STORE_SEQ,MENU_NAME,MENU_PRICE,DEL_FLAG,IN_DATE,IN_USER_ID,UP_DATE,UP_USER_ID) values (85,2,'짝5호(소불+제육)(세트)',8000,'n','20210414.120009','1','20210414.120009','1');
Insert into TEAM2.MENU (MENU_SEQ,STORE_SEQ,MENU_NAME,MENU_PRICE,DEL_FLAG,IN_DATE,IN_USER_ID,UP_DATE,UP_USER_ID) values (86,2,'청양마요새우치킨볶음밥(단품)',6200,'n','20210414.120009','1','20210414.120009','1');
Insert into TEAM2.MENU (MENU_SEQ,STORE_SEQ,MENU_NAME,MENU_PRICE,DEL_FLAG,IN_DATE,IN_USER_ID,UP_DATE,UP_USER_ID) values (87,2,'청양마요새우치킨볶음밥(세트)',8700,'n','20210414.120009','1','20210414.120009','1');
Insert into TEAM2.MENU (MENU_SEQ,STORE_SEQ,MENU_NAME,MENU_PRICE,DEL_FLAG,IN_DATE,IN_USER_ID,UP_DATE,UP_USER_ID) values (88,2,'유린기볶음밥(단품)',5500,'n','20210414.120009','1','20210414.120009','1');
Insert into TEAM2.MENU (MENU_SEQ,STORE_SEQ,MENU_NAME,MENU_PRICE,DEL_FLAG,IN_DATE,IN_USER_ID,UP_DATE,UP_USER_ID) values (89,2,'유린기볶음밥(세트)',8000,'n','20210414.120009','1','20210414.120009','1');
Insert into TEAM2.MENU (MENU_SEQ,STORE_SEQ,MENU_NAME,MENU_PRICE,DEL_FLAG,IN_DATE,IN_USER_ID,UP_DATE,UP_USER_ID) values (90,2,'사천탕수볶음밥(단품)',5500,'n','20210414.120009','1','20210414.120009','1');
Insert into TEAM2.MENU (MENU_SEQ,STORE_SEQ,MENU_NAME,MENU_PRICE,DEL_FLAG,IN_DATE,IN_USER_ID,UP_DATE,UP_USER_ID) values (91,2,'사천탕수볶음밥(세트)',8000,'n','20210414.120010','1','20210414.120010','1');
Insert into TEAM2.MENU (MENU_SEQ,STORE_SEQ,MENU_NAME,MENU_PRICE,DEL_FLAG,IN_DATE,IN_USER_ID,UP_DATE,UP_USER_ID) values (92,2,'만찬도시락(단품)',11000,'n','20210414.120010','1','20210414.120010','1');
Insert into TEAM2.MENU (MENU_SEQ,STORE_SEQ,MENU_NAME,MENU_PRICE,DEL_FLAG,IN_DATE,IN_USER_ID,UP_DATE,UP_USER_ID) values (93,2,'만찬도시락(세트)',13500,'n','20210414.120010','1','20210414.120010','1');
Insert into TEAM2.MENU (MENU_SEQ,STORE_SEQ,MENU_NAME,MENU_PRICE,DEL_FLAG,IN_DATE,IN_USER_ID,UP_DATE,UP_USER_ID) values (94,2,'한상차림(단품)',9000,'n','20210414.120010','1','20210414.120010','1');
Insert into TEAM2.MENU (MENU_SEQ,STORE_SEQ,MENU_NAME,MENU_PRICE,DEL_FLAG,IN_DATE,IN_USER_ID,UP_DATE,UP_USER_ID) values (95,2,'한상차림(세트)',11500,'n','20210414.120010','1','20210414.120010','1');
Insert into TEAM2.MENU (MENU_SEQ,STORE_SEQ,MENU_NAME,MENU_PRICE,DEL_FLAG,IN_DATE,IN_USER_ID,UP_DATE,UP_USER_ID) values (96,2,'진수성찬(단품)',8000,'n','20210414.120010','1','20210414.120010','1');
Insert into TEAM2.MENU (MENU_SEQ,STORE_SEQ,MENU_NAME,MENU_PRICE,DEL_FLAG,IN_DATE,IN_USER_ID,UP_DATE,UP_USER_ID) values (97,2,'진수성찬(세트)',10500,'n','20210414.120010','1','20210414.120010','1');
Insert into TEAM2.MENU (MENU_SEQ,STORE_SEQ,MENU_NAME,MENU_PRICE,DEL_FLAG,IN_DATE,IN_USER_ID,UP_DATE,UP_USER_ID) values (98,2,'인기스타(단품)',7000,'n','20210414.120302','1','20210414.120302','1');
Insert into TEAM2.MENU (MENU_SEQ,STORE_SEQ,MENU_NAME,MENU_PRICE,DEL_FLAG,IN_DATE,IN_USER_ID,UP_DATE,UP_USER_ID) values (99,2,'인기스타(세트)',9500,'n','20210414.120302','1','20210414.120302','1');
Insert into TEAM2.MENU (MENU_SEQ,STORE_SEQ,MENU_NAME,MENU_PRICE,DEL_FLAG,IN_DATE,IN_USER_ID,UP_DATE,UP_USER_ID) values (100,2,'코다리소불도시락(단품)',7500,'n','20210414.120302','1','20210414.120302','1');
Insert into TEAM2.MENU (MENU_SEQ,STORE_SEQ,MENU_NAME,MENU_PRICE,DEL_FLAG,IN_DATE,IN_USER_ID,UP_DATE,UP_USER_ID) values (101,2,'코다리소불도시락(세트)',10000,'n','20210414.120302','1','20210414.120302','1');
Insert into TEAM2.MENU (MENU_SEQ,STORE_SEQ,MENU_NAME,MENU_PRICE,DEL_FLAG,IN_DATE,IN_USER_ID,UP_DATE,UP_USER_ID) values (102,2,'코다리제육도시락(단품)',6800,'n','20210414.120302','1','20210414.120302','1');
Insert into TEAM2.MENU (MENU_SEQ,STORE_SEQ,MENU_NAME,MENU_PRICE,DEL_FLAG,IN_DATE,IN_USER_ID,UP_DATE,UP_USER_ID) values (103,2,'코다리제육도시락(세트)',9300,'n','20210414.120302','1','20210414.120302','1');
Insert into TEAM2.MENU (MENU_SEQ,STORE_SEQ,MENU_NAME,MENU_PRICE,DEL_FLAG,IN_DATE,IN_USER_ID,UP_DATE,UP_USER_ID) values (104,2,'수라한상도시락',15000,'n','20210414.120302','1','20210414.120302','1');
Insert into TEAM2.MENU (MENU_SEQ,STORE_SEQ,MENU_NAME,MENU_PRICE,DEL_FLAG,IN_DATE,IN_USER_ID,UP_DATE,UP_USER_ID) values (105,2,'닭갈비반찬',4200,'n','20210414.121002','1','20210414.121002','1');
Insert into TEAM2.MENU (MENU_SEQ,STORE_SEQ,MENU_NAME,MENU_PRICE,DEL_FLAG,IN_DATE,IN_USER_ID,UP_DATE,UP_USER_ID) values (106,2,'코다리강정반찬',4500,'n','20210414.121002','1','20210414.121002','1');
Insert into TEAM2.MENU (MENU_SEQ,STORE_SEQ,MENU_NAME,MENU_PRICE,DEL_FLAG,IN_DATE,IN_USER_ID,UP_DATE,UP_USER_ID) values (107,2,'수제함박반찬',4800,'n','20210414.121002','1','20210414.121002','1');
Insert into TEAM2.MENU (MENU_SEQ,STORE_SEQ,MENU_NAME,MENU_PRICE,DEL_FLAG,IN_DATE,IN_USER_ID,UP_DATE,UP_USER_ID) values (108,2,'소불고기반찬',4800,'n','20210414.121002','1','20210414.121002','1');
Insert into TEAM2.MENU (MENU_SEQ,STORE_SEQ,MENU_NAME,MENU_PRICE,DEL_FLAG,IN_DATE,IN_USER_ID,UP_DATE,UP_USER_ID) values (109,2,'소불제육반찬',4200,'n','20210414.121002','1','20210414.121002','1');
Insert into TEAM2.MENU (MENU_SEQ,STORE_SEQ,MENU_NAME,MENU_PRICE,DEL_FLAG,IN_DATE,IN_USER_ID,UP_DATE,UP_USER_ID) values (110,2,'제육볶음반찬',3400,'n','20210414.121002','1','20210414.121002','1');
Insert into TEAM2.MENU (MENU_SEQ,STORE_SEQ,MENU_NAME,MENU_PRICE,DEL_FLAG,IN_DATE,IN_USER_ID,UP_DATE,UP_USER_ID) values (111,2,'콤보반찬',4000,'n','20210414.121002','1','20210414.121002','1');
Insert into TEAM2.MENU (MENU_SEQ,STORE_SEQ,MENU_NAME,MENU_PRICE,DEL_FLAG,IN_DATE,IN_USER_ID,UP_DATE,UP_USER_ID) values (112,2,'새우콤보반찬',4000,'n','20210414.121002','1','20210414.121002','1');
Insert into TEAM2.MENU (MENU_SEQ,STORE_SEQ,MENU_NAME,MENU_PRICE,DEL_FLAG,IN_DATE,IN_USER_ID,UP_DATE,UP_USER_ID) values (113,2,'돈까스반찬',3300,'n','20210414.121002','1','20210414.121002','1');
Insert into TEAM2.MENU (MENU_SEQ,STORE_SEQ,MENU_NAME,MENU_PRICE,DEL_FLAG,IN_DATE,IN_USER_ID,UP_DATE,UP_USER_ID) values (114,2,'칠리탕수반찬',3200,'n','20210414.121002','1','20210414.121002','1');
Insert into TEAM2.MENU (MENU_SEQ,STORE_SEQ,MENU_NAME,MENU_PRICE,DEL_FLAG,IN_DATE,IN_USER_ID,UP_DATE,UP_USER_ID) values (115,2,'국물떡볶이',3000,'n','20210414.121002','1','20210414.121002','1');
Insert into TEAM2.MENU (MENU_SEQ,STORE_SEQ,MENU_NAME,MENU_PRICE,DEL_FLAG,IN_DATE,IN_USER_ID,UP_DATE,UP_USER_ID) values (116,2,'치즈국물떡볶이',4000,'n','20210414.121002','1','20210414.121002','1');
Insert into TEAM2.MENU (MENU_SEQ,STORE_SEQ,MENU_NAME,MENU_PRICE,DEL_FLAG,IN_DATE,IN_USER_ID,UP_DATE,UP_USER_ID) values (117,2,'떡튀버무리',5500,'n','20210414.121002','1','20210414.121002','1');
Insert into TEAM2.MENU (MENU_SEQ,STORE_SEQ,MENU_NAME,MENU_PRICE,DEL_FLAG,IN_DATE,IN_USER_ID,UP_DATE,UP_USER_ID) values (118,2,'치떡세트',7500,'n','20210414.121002','1','20210414.121002','1');
Insert into TEAM2.MENU (MENU_SEQ,STORE_SEQ,MENU_NAME,MENU_PRICE,DEL_FLAG,IN_DATE,IN_USER_ID,UP_DATE,UP_USER_ID) values (119,2,'마늘간장치킨(대)',7500,'n','20210414.121600','1','20210414.121600','1');
Insert into TEAM2.MENU (MENU_SEQ,STORE_SEQ,MENU_NAME,MENU_PRICE,DEL_FLAG,IN_DATE,IN_USER_ID,UP_DATE,UP_USER_ID) values (120,2,'마늘간장치킨(소)',4500,'n','20210414.121600','1','20210414.121600','1');
Insert into TEAM2.MENU (MENU_SEQ,STORE_SEQ,MENU_NAME,MENU_PRICE,DEL_FLAG,IN_DATE,IN_USER_ID,UP_DATE,UP_USER_ID) values (121,2,'불맛땡초치킨(대)',7500,'n','20210414.121600','1','20210414.121600','1');
Insert into TEAM2.MENU (MENU_SEQ,STORE_SEQ,MENU_NAME,MENU_PRICE,DEL_FLAG,IN_DATE,IN_USER_ID,UP_DATE,UP_USER_ID) values (122,2,'불맛땡초치킨(소)',4500,'n','20210414.121600','1','20210414.121600','1');
Insert into TEAM2.MENU (MENU_SEQ,STORE_SEQ,MENU_NAME,MENU_PRICE,DEL_FLAG,IN_DATE,IN_USER_ID,UP_DATE,UP_USER_ID) values (123,2,'오리지널치킨(대)',7500,'n','20210414.121600','1','20210414.121600','1');
Insert into TEAM2.MENU (MENU_SEQ,STORE_SEQ,MENU_NAME,MENU_PRICE,DEL_FLAG,IN_DATE,IN_USER_ID,UP_DATE,UP_USER_ID) values (124,2,'오리지널치킨(소)',4500,'n','20210414.121600','1','20210414.121600','1');
Insert into TEAM2.MENU (MENU_SEQ,STORE_SEQ,MENU_NAME,MENU_PRICE,DEL_FLAG,IN_DATE,IN_USER_ID,UP_DATE,UP_USER_ID) values (125,2,'새우치킨샐러드',3500,'n','20210414.121600','1','20210414.121600','1');
Insert into TEAM2.MENU (MENU_SEQ,STORE_SEQ,MENU_NAME,MENU_PRICE,DEL_FLAG,IN_DATE,IN_USER_ID,UP_DATE,UP_USER_ID) values (126,2,'치킨샐러드',3500,'n','20210414.121600','1','20210414.121600','1');
Insert into TEAM2.MENU (MENU_SEQ,STORE_SEQ,MENU_NAME,MENU_PRICE,DEL_FLAG,IN_DATE,IN_USER_ID,UP_DATE,UP_USER_ID) values (127,2,'케이준감자',2000,'n','20210414.121600','1','20210414.121600','1');
Insert into TEAM2.MENU (MENU_SEQ,STORE_SEQ,MENU_NAME,MENU_PRICE,DEL_FLAG,IN_DATE,IN_USER_ID,UP_DATE,UP_USER_ID) values (128,2,'교자만두(4개)',2000,'n','20210414.121600','1','20210414.121600','1');
Insert into TEAM2.MENU (MENU_SEQ,STORE_SEQ,MENU_NAME,MENU_PRICE,DEL_FLAG,IN_DATE,IN_USER_ID,UP_DATE,UP_USER_ID) values (129,2,'새우감자고로케(2개)',2000,'n','20210414.121601','1','20210414.121601','1');
Insert into TEAM2.MENU (MENU_SEQ,STORE_SEQ,MENU_NAME,MENU_PRICE,DEL_FLAG,IN_DATE,IN_USER_ID,UP_DATE,UP_USER_ID) values (130,2,'모듬튀김',3500,'n','20210414.121730','1','20210414.121730','1');
Insert into TEAM2.MENU (MENU_SEQ,STORE_SEQ,MENU_NAME,MENU_PRICE,DEL_FLAG,IN_DATE,IN_USER_ID,UP_DATE,UP_USER_ID) values (131,2,'크림치즈볼(4개)',3000,'n','20210414.121730','1','20210414.121730','1');
Insert into TEAM2.MENU (MENU_SEQ,STORE_SEQ,MENU_NAME,MENU_PRICE,DEL_FLAG,IN_DATE,IN_USER_ID,UP_DATE,UP_USER_ID) values (132,2,'김말이(4개)',2000,'n','20210414.121730','1','20210414.121730','1');
Insert into TEAM2.MENU (MENU_SEQ,STORE_SEQ,MENU_NAME,MENU_PRICE,DEL_FLAG,IN_DATE,IN_USER_ID,UP_DATE,UP_USER_ID) values (133,2,'잡채어묵(8개)',2000,'n','20210414.121730','1','20210414.121730','1');
Insert into TEAM2.MENU (MENU_SEQ,STORE_SEQ,MENU_NAME,MENU_PRICE,DEL_FLAG,IN_DATE,IN_USER_ID,UP_DATE,UP_USER_ID) values (134,2,'계란후라이',700,'n','20210414.121730','1','20210414.121730','1');
Insert into TEAM2.MENU (MENU_SEQ,STORE_SEQ,MENU_NAME,MENU_PRICE,DEL_FLAG,IN_DATE,IN_USER_ID,UP_DATE,UP_USER_ID) values (135,2,'볶음김치',500,'n','20210414.121730','1','20210414.121730','1');
Insert into TEAM2.MENU (MENU_SEQ,STORE_SEQ,MENU_NAME,MENU_PRICE,DEL_FLAG,IN_DATE,IN_USER_ID,UP_DATE,UP_USER_ID) values (136,2,'청양고추',300,'n','20210414.121730','1','20210414.121730','1');
Insert into TEAM2.MENU (MENU_SEQ,STORE_SEQ,MENU_NAME,MENU_PRICE,DEL_FLAG,IN_DATE,IN_USER_ID,UP_DATE,UP_USER_ID) values (137,2,'모짜렐라치즈',1000,'n','20210414.121730','1','20210414.121730','1');
Insert into TEAM2.MENU (MENU_SEQ,STORE_SEQ,MENU_NAME,MENU_PRICE,DEL_FLAG,IN_DATE,IN_USER_ID,UP_DATE,UP_USER_ID) values (140,4,'zzz',54545,'n','20210422.102839','1','20210422.102839','1');
Insert into TEAM2.MENU (MENU_SEQ,STORE_SEQ,MENU_NAME,MENU_PRICE,DEL_FLAG,IN_DATE,IN_USER_ID,UP_DATE,UP_USER_ID) values (141,4,'zzz',54545,'n','20210422.102843','1','20210422.102843','1');
Insert into TEAM2.MENU (MENU_SEQ,STORE_SEQ,MENU_NAME,MENU_PRICE,DEL_FLAG,IN_DATE,IN_USER_ID,UP_DATE,UP_USER_ID) values (142,5,'zfdf',44544,'n','20210422.102919','1','20210422.102919','1');
Insert into TEAM2.MENU (MENU_SEQ,STORE_SEQ,MENU_NAME,MENU_PRICE,DEL_FLAG,IN_DATE,IN_USER_ID,UP_DATE,UP_USER_ID) values (143,5,'sfsdf',5454,'n','20210422.102919','1','20210422.102919','1');
Insert into TEAM2.MENU (MENU_SEQ,STORE_SEQ,MENU_NAME,MENU_PRICE,DEL_FLAG,IN_DATE,IN_USER_ID,UP_DATE,UP_USER_ID) values (144,6,'dfsfs',454545,'n','20210422.102937','1','20210422.102937','1');
Insert into TEAM2.MENU (MENU_SEQ,STORE_SEQ,MENU_NAME,MENU_PRICE,DEL_FLAG,IN_DATE,IN_USER_ID,UP_DATE,UP_USER_ID) values (166,2,'피클',900,'y','20210422.140258','1','20210422.140325','1');
Insert into TEAM2.MENU (MENU_SEQ,STORE_SEQ,MENU_NAME,MENU_PRICE,DEL_FLAG,IN_DATE,IN_USER_ID,UP_DATE,UP_USER_ID) values (165,2,'짜장면',50000,'n','20210422.140258','1','20210422.140258','1');
Insert into TEAM2.MENU (MENU_SEQ,STORE_SEQ,MENU_NAME,MENU_PRICE,DEL_FLAG,IN_DATE,IN_USER_ID,UP_DATE,UP_USER_ID) values (145,6,'dfdsf',754,'n','20210422.103002','1','20210422.103002','1');
Insert into TEAM2.MENU (MENU_SEQ,STORE_SEQ,MENU_NAME,MENU_PRICE,DEL_FLAG,IN_DATE,IN_USER_ID,UP_DATE,UP_USER_ID) values (146,6,'dsfsdf',54754,'n','20210422.103002','1','20210422.103002','1');
Insert into TEAM2.MENU (MENU_SEQ,STORE_SEQ,MENU_NAME,MENU_PRICE,DEL_FLAG,IN_DATE,IN_USER_ID,UP_DATE,UP_USER_ID) values (147,7,'sdfsdf',5454,'n','20210422.103022','1','20210422.103022','1');
Insert into TEAM2.MENU (MENU_SEQ,STORE_SEQ,MENU_NAME,MENU_PRICE,DEL_FLAG,IN_DATE,IN_USER_ID,UP_DATE,UP_USER_ID) values (148,7,'sdfsdf',5454,'n','20210422.103042','1','20210422.103042','1');
Insert into TEAM2.MENU (MENU_SEQ,STORE_SEQ,MENU_NAME,MENU_PRICE,DEL_FLAG,IN_DATE,IN_USER_ID,UP_DATE,UP_USER_ID) values (149,7,'dd',2121,'n','20210422.103100','1','20210422.103100','1');
Insert into TEAM2.MENU (MENU_SEQ,STORE_SEQ,MENU_NAME,MENU_PRICE,DEL_FLAG,IN_DATE,IN_USER_ID,UP_DATE,UP_USER_ID) values (150,7,'dddf',654,'n','20210422.103100','1','20210422.103100','1');
Insert into TEAM2.MENU (MENU_SEQ,STORE_SEQ,MENU_NAME,MENU_PRICE,DEL_FLAG,IN_DATE,IN_USER_ID,UP_DATE,UP_USER_ID) values (151,7,'dd',2121,'n','20210422.103111','1','20210422.103111','1');
Insert into TEAM2.MENU (MENU_SEQ,STORE_SEQ,MENU_NAME,MENU_PRICE,DEL_FLAG,IN_DATE,IN_USER_ID,UP_DATE,UP_USER_ID) values (152,7,'dfsd',242,'n','20210422.103111','1','20210422.103111','1');
Insert into TEAM2.MENU (MENU_SEQ,STORE_SEQ,MENU_NAME,MENU_PRICE,DEL_FLAG,IN_DATE,IN_USER_ID,UP_DATE,UP_USER_ID) values (153,7,'gag',5454,'n','20210422.103111','1','20210422.103111','1');
Insert into TEAM2.MENU (MENU_SEQ,STORE_SEQ,MENU_NAME,MENU_PRICE,DEL_FLAG,IN_DATE,IN_USER_ID,UP_DATE,UP_USER_ID) values (154,8,'dfsdf',1234,'n','20210422.103139','1','20210422.103139','1');
Insert into TEAM2.MENU (MENU_SEQ,STORE_SEQ,MENU_NAME,MENU_PRICE,DEL_FLAG,IN_DATE,IN_USER_ID,UP_DATE,UP_USER_ID) values (155,8,'dfgdfg',123456,'n','20210422.103139','1','20210422.103139','1');
Insert into TEAM2.MENU (MENU_SEQ,STORE_SEQ,MENU_NAME,MENU_PRICE,DEL_FLAG,IN_DATE,IN_USER_ID,UP_DATE,UP_USER_ID) values (156,8,'dfs',12121,'n','20210422.103156','1','20210422.103156','1');
Insert into TEAM2.MENU (MENU_SEQ,STORE_SEQ,MENU_NAME,MENU_PRICE,DEL_FLAG,IN_DATE,IN_USER_ID,UP_DATE,UP_USER_ID) values (157,8,'dfs',12121,'n','20210422.103203','1','20210422.103203','1');
Insert into TEAM2.MENU (MENU_SEQ,STORE_SEQ,MENU_NAME,MENU_PRICE,DEL_FLAG,IN_DATE,IN_USER_ID,UP_DATE,UP_USER_ID) values (158,8,'dsfsdf',1234,'n','20210422.103203','1','20210422.103203','1');
Insert into TEAM2.MENU (MENU_SEQ,STORE_SEQ,MENU_NAME,MENU_PRICE,DEL_FLAG,IN_DATE,IN_USER_ID,UP_DATE,UP_USER_ID) values (159,8,'sdfs',1213,'n','20210422.103226','1','20210422.103226','1');
Insert into TEAM2.MENU (MENU_SEQ,STORE_SEQ,MENU_NAME,MENU_PRICE,DEL_FLAG,IN_DATE,IN_USER_ID,UP_DATE,UP_USER_ID) values (160,8,'sdfs',1213,'n','20210422.103240','1','20210422.103240','1');
Insert into TEAM2.MENU (MENU_SEQ,STORE_SEQ,MENU_NAME,MENU_PRICE,DEL_FLAG,IN_DATE,IN_USER_ID,UP_DATE,UP_USER_ID) values (161,8,'sdfs',1213,'n','20210422.103303','1','20210422.103303','1');
Insert into TEAM2.MENU (MENU_SEQ,STORE_SEQ,MENU_NAME,MENU_PRICE,DEL_FLAG,IN_DATE,IN_USER_ID,UP_DATE,UP_USER_ID) values (162,8,'sdfs',1213,'n','20210422.103312','1','20210422.103312','1');
Insert into TEAM2.MENU (MENU_SEQ,STORE_SEQ,MENU_NAME,MENU_PRICE,DEL_FLAG,IN_DATE,IN_USER_ID,UP_DATE,UP_USER_ID) values (163,8,'dsfsd',2134,'n','20210422.103312','1','20210422.103312','1');
Insert into TEAM2.MENU (MENU_SEQ,STORE_SEQ,MENU_NAME,MENU_PRICE,DEL_FLAG,IN_DATE,IN_USER_ID,UP_DATE,UP_USER_ID) values (164,8,'dsfsdf',5464645,'n','20210422.103313','1','20210422.103313','1');
REM INSERTING into TEAM2.NOTICE
SET DEFINE OFF;
Insert into TEAM2.NOTICE (NOTICE_SEQ,NOTICE_TITLE,NOTICE_CONTENT,ATTACH_FILE,ATTACH_PATH,NOTICE_HIT,IN_DATE,IN_USER_ID,UP_DATE,UP_USER_ID) values (1,'※토마토 도시락 메뉴','토마토 도시락 메뉴입니다.
주문하실때 참고해주시기 바랍니다.','jpg','20210419141825_jpg',16,'20210419.141827','1','20210419.141827','1');
Insert into TEAM2.NOTICE (NOTICE_SEQ,NOTICE_TITLE,NOTICE_CONTENT,ATTACH_FILE,ATTACH_PATH,NOTICE_HIT,IN_DATE,IN_USER_ID,UP_DATE,UP_USER_ID) values (3,'※4월 대전도시락 식단','4월 대전도시락 식단표입니다.
주문시 참고바랍니다.','4.jpg','20210419142511_4.jpg',13,'20210419.142512','1','20210419.142512','1');
Insert into TEAM2.NOTICE (NOTICE_SEQ,NOTICE_TITLE,NOTICE_CONTENT,ATTACH_FILE,ATTACH_PATH,NOTICE_HIT,IN_DATE,IN_USER_ID,UP_DATE,UP_USER_ID) values (2,'※3월 대전도시락 식단','대전도시락 3월 식단표입니다.
주문시 참고바랍니다.','3.jpg','20210419152322_3.jpg',14,'20210419.142356','1','20210419.152323','1');
Insert into TEAM2.NOTICE (NOTICE_SEQ,NOTICE_TITLE,NOTICE_CONTENT,ATTACH_FILE,ATTACH_PATH,NOTICE_HIT,IN_DATE,IN_USER_ID,UP_DATE,UP_USER_ID) values (4,'토마토 단종메뉴 알림','이번달 부터 토마토 메뉴중 갈릭치킨커리 파스타와 로제 돈까스파스타가 단종되었다고 합니다.
주문시 참고바랍니다.',null,null,18,'20210419.170158','1','20210420.124758','1');
Insert into TEAM2.NOTICE (NOTICE_SEQ,NOTICE_TITLE,NOTICE_CONTENT,ATTACH_FILE,ATTACH_PATH,NOTICE_HIT,IN_DATE,IN_USER_ID,UP_DATE,UP_USER_ID) values (5,'새로 입점 예정인 업체 리스트입니다.','1. 도미노 피자
2. 쉑쉑버거
3. 응급실 떡볶이

다음달 입점 예정이니 많은 관심 부탁드립니다.
',null,null,1,'20210422.115543','1','20210422.115543','1');
Insert into TEAM2.NOTICE (NOTICE_SEQ,NOTICE_TITLE,NOTICE_CONTENT,ATTACH_FILE,ATTACH_PATH,NOTICE_HIT,IN_DATE,IN_USER_ID,UP_DATE,UP_USER_ID) values (6,'새로 입점 예정인 업체 리스트입니다.','1. 도미노 피자
2. 쉑쉑버거
3. 응급실 떡볶이

다음달 입점 예정이니 많은 관심 부탁드립니다.',null,null,1,'20210422.140016','1','20210422.140016','1');
REM INSERTING into TEAM2.ORDER_INFO
SET DEFINE OFF;
Insert into TEAM2.ORDER_INFO (ORDER_SEQ,MENU_SEQ,ORDER_CNT,PAY_FLAG,IN_DATE,IN_USER_ID,UP_DATE,UP_USER_ID) values (27,1,6,'y','20210417.111111','S00001','20210417.111111','S00001');
Insert into TEAM2.ORDER_INFO (ORDER_SEQ,MENU_SEQ,ORDER_CNT,PAY_FLAG,IN_DATE,IN_USER_ID,UP_DATE,UP_USER_ID) values (28,1,5,'n','20210417.111111','S00002','20210417.111111','S00002');
Insert into TEAM2.ORDER_INFO (ORDER_SEQ,MENU_SEQ,ORDER_CNT,PAY_FLAG,IN_DATE,IN_USER_ID,UP_DATE,UP_USER_ID) values (55,131,1,'n','20210419.152650','I00001',null,null);
Insert into TEAM2.ORDER_INFO (ORDER_SEQ,MENU_SEQ,ORDER_CNT,PAY_FLAG,IN_DATE,IN_USER_ID,UP_DATE,UP_USER_ID) values (30,1,13,'n','20210417.111111','S00005','20210417.111111','S00005');
Insert into TEAM2.ORDER_INFO (ORDER_SEQ,MENU_SEQ,ORDER_CNT,PAY_FLAG,IN_DATE,IN_USER_ID,UP_DATE,UP_USER_ID) values (31,1,19,'n','20210417.111111','S00004','20210417.111111','S00004');
Insert into TEAM2.ORDER_INFO (ORDER_SEQ,MENU_SEQ,ORDER_CNT,PAY_FLAG,IN_DATE,IN_USER_ID,UP_DATE,UP_USER_ID) values (32,1,12,'n','20210417.111111','S00007','20210417.111111','S00007');
Insert into TEAM2.ORDER_INFO (ORDER_SEQ,MENU_SEQ,ORDER_CNT,PAY_FLAG,IN_DATE,IN_USER_ID,UP_DATE,UP_USER_ID) values (34,1,6,'n','20210417.111111','S00009','20210417.111111','S00009');
Insert into TEAM2.ORDER_INFO (ORDER_SEQ,MENU_SEQ,ORDER_CNT,PAY_FLAG,IN_DATE,IN_USER_ID,UP_DATE,UP_USER_ID) values (35,1,2,'y','20210417.135051','yejin96',null,null);
Insert into TEAM2.ORDER_INFO (ORDER_SEQ,MENU_SEQ,ORDER_CNT,PAY_FLAG,IN_DATE,IN_USER_ID,UP_DATE,UP_USER_ID) values (36,7,5,'y','20210417.135057','yejin96',null,null);
Insert into TEAM2.ORDER_INFO (ORDER_SEQ,MENU_SEQ,ORDER_CNT,PAY_FLAG,IN_DATE,IN_USER_ID,UP_DATE,UP_USER_ID) values (37,5,3,'y','20210417.135103','yejin96',null,null);
Insert into TEAM2.ORDER_INFO (ORDER_SEQ,MENU_SEQ,ORDER_CNT,PAY_FLAG,IN_DATE,IN_USER_ID,UP_DATE,UP_USER_ID) values (38,1,4,'y','20210417.135108','yejin96',null,null);
Insert into TEAM2.ORDER_INFO (ORDER_SEQ,MENU_SEQ,ORDER_CNT,PAY_FLAG,IN_DATE,IN_USER_ID,UP_DATE,UP_USER_ID) values (39,7,7,'y','20210417.135114','yejin96',null,null);
Insert into TEAM2.ORDER_INFO (ORDER_SEQ,MENU_SEQ,ORDER_CNT,PAY_FLAG,IN_DATE,IN_USER_ID,UP_DATE,UP_USER_ID) values (40,7,5,'y','20210417.135119','yejin96',null,null);
Insert into TEAM2.ORDER_INFO (ORDER_SEQ,MENU_SEQ,ORDER_CNT,PAY_FLAG,IN_DATE,IN_USER_ID,UP_DATE,UP_USER_ID) values (41,65,3,'y','20210417.135126','yejin96',null,null);
Insert into TEAM2.ORDER_INFO (ORDER_SEQ,MENU_SEQ,ORDER_CNT,PAY_FLAG,IN_DATE,IN_USER_ID,UP_DATE,UP_USER_ID) values (42,87,2,'y','20210417.135132','yejin96',null,null);
Insert into TEAM2.ORDER_INFO (ORDER_SEQ,MENU_SEQ,ORDER_CNT,PAY_FLAG,IN_DATE,IN_USER_ID,UP_DATE,UP_USER_ID) values (43,86,6,'y','20210417.135138','yejin96',null,null);
Insert into TEAM2.ORDER_INFO (ORDER_SEQ,MENU_SEQ,ORDER_CNT,PAY_FLAG,IN_DATE,IN_USER_ID,UP_DATE,UP_USER_ID) values (44,1,8,'y','20210417.135146','yejin96',null,null);
Insert into TEAM2.ORDER_INFO (ORDER_SEQ,MENU_SEQ,ORDER_CNT,PAY_FLAG,IN_DATE,IN_USER_ID,UP_DATE,UP_USER_ID) values (45,1,3,'n','20210417.135402','S00007',null,null);
Insert into TEAM2.ORDER_INFO (ORDER_SEQ,MENU_SEQ,ORDER_CNT,PAY_FLAG,IN_DATE,IN_USER_ID,UP_DATE,UP_USER_ID) values (50,15,1,'y','20210419.152506','D00001',null,null);
Insert into TEAM2.ORDER_INFO (ORDER_SEQ,MENU_SEQ,ORDER_CNT,PAY_FLAG,IN_DATE,IN_USER_ID,UP_DATE,UP_USER_ID) values (47,1,2,'y','20210419.101051','S00001',null,null);
Insert into TEAM2.ORDER_INFO (ORDER_SEQ,MENU_SEQ,ORDER_CNT,PAY_FLAG,IN_DATE,IN_USER_ID,UP_DATE,UP_USER_ID) values (56,34,1,'n','20210419.152657','I00001',null,null);
Insert into TEAM2.ORDER_INFO (ORDER_SEQ,MENU_SEQ,ORDER_CNT,PAY_FLAG,IN_DATE,IN_USER_ID,UP_DATE,UP_USER_ID) values (49,18,6,'y','20210419.115951','S00001',null,null);
Insert into TEAM2.ORDER_INFO (ORDER_SEQ,MENU_SEQ,ORDER_CNT,PAY_FLAG,IN_DATE,IN_USER_ID,UP_DATE,UP_USER_ID) values (51,1,1,'y','20210419.152516','D00001',null,null);
Insert into TEAM2.ORDER_INFO (ORDER_SEQ,MENU_SEQ,ORDER_CNT,PAY_FLAG,IN_DATE,IN_USER_ID,UP_DATE,UP_USER_ID) values (52,47,2,'y','20210419.152534','D00002',null,null);
Insert into TEAM2.ORDER_INFO (ORDER_SEQ,MENU_SEQ,ORDER_CNT,PAY_FLAG,IN_DATE,IN_USER_ID,UP_DATE,UP_USER_ID) values (53,121,1,'y','20210419.152555','D00003',null,null);
Insert into TEAM2.ORDER_INFO (ORDER_SEQ,MENU_SEQ,ORDER_CNT,PAY_FLAG,IN_DATE,IN_USER_ID,UP_DATE,UP_USER_ID) values (54,1,1,'y','20210419.152615','D00004',null,null);
Insert into TEAM2.ORDER_INFO (ORDER_SEQ,MENU_SEQ,ORDER_CNT,PAY_FLAG,IN_DATE,IN_USER_ID,UP_DATE,UP_USER_ID) values (57,17,1,'n','20210419.152711','I00002',null,null);
Insert into TEAM2.ORDER_INFO (ORDER_SEQ,MENU_SEQ,ORDER_CNT,PAY_FLAG,IN_DATE,IN_USER_ID,UP_DATE,UP_USER_ID) values (58,1,1,'n','20210419.152729','I00003',null,null);
Insert into TEAM2.ORDER_INFO (ORDER_SEQ,MENU_SEQ,ORDER_CNT,PAY_FLAG,IN_DATE,IN_USER_ID,UP_DATE,UP_USER_ID) values (59,17,3,'n','20210419.152756','T00001',null,null);
Insert into TEAM2.ORDER_INFO (ORDER_SEQ,MENU_SEQ,ORDER_CNT,PAY_FLAG,IN_DATE,IN_USER_ID,UP_DATE,UP_USER_ID) values (60,44,1,'n','20210419.152815','E00001',null,null);
Insert into TEAM2.ORDER_INFO (ORDER_SEQ,MENU_SEQ,ORDER_CNT,PAY_FLAG,IN_DATE,IN_USER_ID,UP_DATE,UP_USER_ID) values (61,53,1,'n','20210419.152833','F00001',null,null);
Insert into TEAM2.ORDER_INFO (ORDER_SEQ,MENU_SEQ,ORDER_CNT,PAY_FLAG,IN_DATE,IN_USER_ID,UP_DATE,UP_USER_ID) values (62,1,1,'n','20210419.152840','F00001',null,null);
Insert into TEAM2.ORDER_INFO (ORDER_SEQ,MENU_SEQ,ORDER_CNT,PAY_FLAG,IN_DATE,IN_USER_ID,UP_DATE,UP_USER_ID) values (63,3,1,'y','20210419.171550','D00001',null,null);
Insert into TEAM2.ORDER_INFO (ORDER_SEQ,MENU_SEQ,ORDER_CNT,PAY_FLAG,IN_DATE,IN_USER_ID,UP_DATE,UP_USER_ID) values (64,4,1,'y','20210420.091539','D00001',null,null);
Insert into TEAM2.ORDER_INFO (ORDER_SEQ,MENU_SEQ,ORDER_CNT,PAY_FLAG,IN_DATE,IN_USER_ID,UP_DATE,UP_USER_ID) values (65,1,3,'y','20210420.103522','nadominseon',null,null);
Insert into TEAM2.ORDER_INFO (ORDER_SEQ,MENU_SEQ,ORDER_CNT,PAY_FLAG,IN_DATE,IN_USER_ID,UP_DATE,UP_USER_ID) values (1,2,2,'n','20210416.111111','S00001','20210416.111111','S00001');
Insert into TEAM2.ORDER_INFO (ORDER_SEQ,MENU_SEQ,ORDER_CNT,PAY_FLAG,IN_DATE,IN_USER_ID,UP_DATE,UP_USER_ID) values (2,34,1,'n','20210416.111111','S00001','20210416.111111','S00001');
Insert into TEAM2.ORDER_INFO (ORDER_SEQ,MENU_SEQ,ORDER_CNT,PAY_FLAG,IN_DATE,IN_USER_ID,UP_DATE,UP_USER_ID) values (3,54,3,'n','20210416.111111','S00001','20210416.111111','S00001');
Insert into TEAM2.ORDER_INFO (ORDER_SEQ,MENU_SEQ,ORDER_CNT,PAY_FLAG,IN_DATE,IN_USER_ID,UP_DATE,UP_USER_ID) values (4,54,2,'n','20210416.111111','S00001','20210416.111111','S00001');
Insert into TEAM2.ORDER_INFO (ORDER_SEQ,MENU_SEQ,ORDER_CNT,PAY_FLAG,IN_DATE,IN_USER_ID,UP_DATE,UP_USER_ID) values (5,2,4,'n','20210416.111111','S00001','20210416.111111','S00001');
Insert into TEAM2.ORDER_INFO (ORDER_SEQ,MENU_SEQ,ORDER_CNT,PAY_FLAG,IN_DATE,IN_USER_ID,UP_DATE,UP_USER_ID) values (6,1,5,'n','20210416.111111','S00001','20210416.111111','S00001');
Insert into TEAM2.ORDER_INFO (ORDER_SEQ,MENU_SEQ,ORDER_CNT,PAY_FLAG,IN_DATE,IN_USER_ID,UP_DATE,UP_USER_ID) values (7,89,3,'n','20210416.111111','S00001','20210416.111111','S00001');
Insert into TEAM2.ORDER_INFO (ORDER_SEQ,MENU_SEQ,ORDER_CNT,PAY_FLAG,IN_DATE,IN_USER_ID,UP_DATE,UP_USER_ID) values (66,4,3,'n','20210420.121730','S00001',null,null);
Insert into TEAM2.ORDER_INFO (ORDER_SEQ,MENU_SEQ,ORDER_CNT,PAY_FLAG,IN_DATE,IN_USER_ID,UP_DATE,UP_USER_ID) values (8,100,3,'n','20210416.111111','S00001','20210416.111111','S00001');
Insert into TEAM2.ORDER_INFO (ORDER_SEQ,MENU_SEQ,ORDER_CNT,PAY_FLAG,IN_DATE,IN_USER_ID,UP_DATE,UP_USER_ID) values (9,84,5,'n','20210416.111111','S00001','20210416.111111','S00001');
Insert into TEAM2.ORDER_INFO (ORDER_SEQ,MENU_SEQ,ORDER_CNT,PAY_FLAG,IN_DATE,IN_USER_ID,UP_DATE,UP_USER_ID) values (10,65,2,'n','20210416.111111','S00001','20210416.111111','S00001');
Insert into TEAM2.ORDER_INFO (ORDER_SEQ,MENU_SEQ,ORDER_CNT,PAY_FLAG,IN_DATE,IN_USER_ID,UP_DATE,UP_USER_ID) values (11,55,5,'n','20210416.111111','S00001','20210416.111111','S00001');
Insert into TEAM2.ORDER_INFO (ORDER_SEQ,MENU_SEQ,ORDER_CNT,PAY_FLAG,IN_DATE,IN_USER_ID,UP_DATE,UP_USER_ID) values (21,4,44,'n','20210416.121212','S00002','20210416.121212','S00002');
Insert into TEAM2.ORDER_INFO (ORDER_SEQ,MENU_SEQ,ORDER_CNT,PAY_FLAG,IN_DATE,IN_USER_ID,UP_DATE,UP_USER_ID) values (22,66,55,'n','20210416.121212','S00002','20210416.121212','S00002');
Insert into TEAM2.ORDER_INFO (ORDER_SEQ,MENU_SEQ,ORDER_CNT,PAY_FLAG,IN_DATE,IN_USER_ID,UP_DATE,UP_USER_ID) values (23,77,5,'n','20210416.121212','S00002','20210416.121212','S00002');
Insert into TEAM2.ORDER_INFO (ORDER_SEQ,MENU_SEQ,ORDER_CNT,PAY_FLAG,IN_DATE,IN_USER_ID,UP_DATE,UP_USER_ID) values (24,2,55,'n','20210416.121212','S00002','20210416.121212','S00002');
Insert into TEAM2.ORDER_INFO (ORDER_SEQ,MENU_SEQ,ORDER_CNT,PAY_FLAG,IN_DATE,IN_USER_ID,UP_DATE,UP_USER_ID) values (25,44,55,'n','20210416.121212','S00002','20210416.121212','S00002');
Insert into TEAM2.ORDER_INFO (ORDER_SEQ,MENU_SEQ,ORDER_CNT,PAY_FLAG,IN_DATE,IN_USER_ID,UP_DATE,UP_USER_ID) values (26,77,55,'n','20210416.121212','S00002','20210416.121212','S00002');
Insert into TEAM2.ORDER_INFO (ORDER_SEQ,MENU_SEQ,ORDER_CNT,PAY_FLAG,IN_DATE,IN_USER_ID,UP_DATE,UP_USER_ID) values (33,1,33,'y','20210417.111111','S00001','20210417.111111','S00001');
Insert into TEAM2.ORDER_INFO (ORDER_SEQ,MENU_SEQ,ORDER_CNT,PAY_FLAG,IN_DATE,IN_USER_ID,UP_DATE,UP_USER_ID) values (67,1,1,'n','20210420.150043','D00001',null,null);
Insert into TEAM2.ORDER_INFO (ORDER_SEQ,MENU_SEQ,ORDER_CNT,PAY_FLAG,IN_DATE,IN_USER_ID,UP_DATE,UP_USER_ID) values (68,14,2,'y','20210420.150055','D00001',null,null);
Insert into TEAM2.ORDER_INFO (ORDER_SEQ,MENU_SEQ,ORDER_CNT,PAY_FLAG,IN_DATE,IN_USER_ID,UP_DATE,UP_USER_ID) values (69,17,4,'y','20210420.150103','D00001',null,null);
Insert into TEAM2.ORDER_INFO (ORDER_SEQ,MENU_SEQ,ORDER_CNT,PAY_FLAG,IN_DATE,IN_USER_ID,UP_DATE,UP_USER_ID) values (70,130,1,'n','20210420.150841','dbswn4686',null,null);
Insert into TEAM2.ORDER_INFO (ORDER_SEQ,MENU_SEQ,ORDER_CNT,PAY_FLAG,IN_DATE,IN_USER_ID,UP_DATE,UP_USER_ID) values (71,89,2,'n','20210420.164537','O00001',null,null);
Insert into TEAM2.ORDER_INFO (ORDER_SEQ,MENU_SEQ,ORDER_CNT,PAY_FLAG,IN_DATE,IN_USER_ID,UP_DATE,UP_USER_ID) values (72,5,2,'n','20210420.164719','S00001',null,null);
Insert into TEAM2.ORDER_INFO (ORDER_SEQ,MENU_SEQ,ORDER_CNT,PAY_FLAG,IN_DATE,IN_USER_ID,UP_DATE,UP_USER_ID) values (73,22,1,'n','20210420.192355','xxlovxx',null,null);
Insert into TEAM2.ORDER_INFO (ORDER_SEQ,MENU_SEQ,ORDER_CNT,PAY_FLAG,IN_DATE,IN_USER_ID,UP_DATE,UP_USER_ID) values (78,1,1,'y','20210421.212441','S00001',null,null);
Insert into TEAM2.ORDER_INFO (ORDER_SEQ,MENU_SEQ,ORDER_CNT,PAY_FLAG,IN_DATE,IN_USER_ID,UP_DATE,UP_USER_ID) values (75,1,2,'y','20210421.094714','S00001',null,null);
Insert into TEAM2.ORDER_INFO (ORDER_SEQ,MENU_SEQ,ORDER_CNT,PAY_FLAG,IN_DATE,IN_USER_ID,UP_DATE,UP_USER_ID) values (79,35,1,'n','20210422.102222','I00003',null,null);
Insert into TEAM2.ORDER_INFO (ORDER_SEQ,MENU_SEQ,ORDER_CNT,PAY_FLAG,IN_DATE,IN_USER_ID,UP_DATE,UP_USER_ID) values (76,6,1,'n','20210421.113245','P00001',null,null);
Insert into TEAM2.ORDER_INFO (ORDER_SEQ,MENU_SEQ,ORDER_CNT,PAY_FLAG,IN_DATE,IN_USER_ID,UP_DATE,UP_USER_ID) values (77,8,2,'y','20210421.113402','S00001',null,null);
Insert into TEAM2.ORDER_INFO (ORDER_SEQ,MENU_SEQ,ORDER_CNT,PAY_FLAG,IN_DATE,IN_USER_ID,UP_DATE,UP_USER_ID) values (80,1,1,'n','20210422.102228','I00003',null,null);
Insert into TEAM2.ORDER_INFO (ORDER_SEQ,MENU_SEQ,ORDER_CNT,PAY_FLAG,IN_DATE,IN_USER_ID,UP_DATE,UP_USER_ID) values (81,88,2,'n','20210422.102407','D00003',null,null);
Insert into TEAM2.ORDER_INFO (ORDER_SEQ,MENU_SEQ,ORDER_CNT,PAY_FLAG,IN_DATE,IN_USER_ID,UP_DATE,UP_USER_ID) values (82,1,3,'n','20210422.102413','D00003',null,null);
Insert into TEAM2.ORDER_INFO (ORDER_SEQ,MENU_SEQ,ORDER_CNT,PAY_FLAG,IN_DATE,IN_USER_ID,UP_DATE,UP_USER_ID) values (83,1,7,'n','20210422.102449','T00001',null,null);
Insert into TEAM2.ORDER_INFO (ORDER_SEQ,MENU_SEQ,ORDER_CNT,PAY_FLAG,IN_DATE,IN_USER_ID,UP_DATE,UP_USER_ID) values (84,99,4,'n','20210422.102457','T00001',null,null);
Insert into TEAM2.ORDER_INFO (ORDER_SEQ,MENU_SEQ,ORDER_CNT,PAY_FLAG,IN_DATE,IN_USER_ID,UP_DATE,UP_USER_ID) values (85,1,4,'n','20210422.102548','F00001',null,null);
Insert into TEAM2.ORDER_INFO (ORDER_SEQ,MENU_SEQ,ORDER_CNT,PAY_FLAG,IN_DATE,IN_USER_ID,UP_DATE,UP_USER_ID) values (86,24,2,'n','20210422.102555','F00001',null,null);
Insert into TEAM2.ORDER_INFO (ORDER_SEQ,MENU_SEQ,ORDER_CNT,PAY_FLAG,IN_DATE,IN_USER_ID,UP_DATE,UP_USER_ID) values (87,1,3,'n','20210422.102651','Z00001',null,null);
Insert into TEAM2.ORDER_INFO (ORDER_SEQ,MENU_SEQ,ORDER_CNT,PAY_FLAG,IN_DATE,IN_USER_ID,UP_DATE,UP_USER_ID) values (88,50,3,'n','20210422.102658','Z00001',null,null);
Insert into TEAM2.ORDER_INFO (ORDER_SEQ,MENU_SEQ,ORDER_CNT,PAY_FLAG,IN_DATE,IN_USER_ID,UP_DATE,UP_USER_ID) values (92,1,1,'n','20210422.104202','yejin96',null,null);
Insert into TEAM2.ORDER_INFO (ORDER_SEQ,MENU_SEQ,ORDER_CNT,PAY_FLAG,IN_DATE,IN_USER_ID,UP_DATE,UP_USER_ID) values (90,27,1,'n','20210422.103521','E00001',null,null);
Insert into TEAM2.ORDER_INFO (ORDER_SEQ,MENU_SEQ,ORDER_CNT,PAY_FLAG,IN_DATE,IN_USER_ID,UP_DATE,UP_USER_ID) values (91,1,1,'n','20210422.103529','E00001',null,null);
Insert into TEAM2.ORDER_INFO (ORDER_SEQ,MENU_SEQ,ORDER_CNT,PAY_FLAG,IN_DATE,IN_USER_ID,UP_DATE,UP_USER_ID) values (95,35,2,'y','20210422.135226','S00001',null,null);
Insert into TEAM2.ORDER_INFO (ORDER_SEQ,MENU_SEQ,ORDER_CNT,PAY_FLAG,IN_DATE,IN_USER_ID,UP_DATE,UP_USER_ID) values (93,64,2,'y','20210422.104245','mj29345',null,null);
Insert into TEAM2.ORDER_INFO (ORDER_SEQ,MENU_SEQ,ORDER_CNT,PAY_FLAG,IN_DATE,IN_USER_ID,UP_DATE,UP_USER_ID) values (94,8,1,'y','20210422.104515','nadominseon',null,null);
REM INSERTING into TEAM2.QNA
SET DEFINE OFF;
Insert into TEAM2.QNA (QNA_SEQ,QNA_TITLE,QNA_CONTENT,QNA_ANSWER,DEL_FLAG,ATTACH_FILE,ATTACH_PATH,IN_DATE,IN_USER_ID,UP_DATE,UP_USER_ID) values (1,'결제할때 분할 결제는 안되나요??','결제할때 분할결제를 하고 싶은데 어쩌죠...?','질문 감사합니다. 
우리 서비스는 개인결제가 아닌 반장이 일괄결제를 진행하도록 되어있습니다. 
이점 참고해주시기 바랍니다.','n',null,null,'20210401.000000','S00001','20210401.000000','S00001');
Insert into TEAM2.QNA (QNA_SEQ,QNA_TITLE,QNA_CONTENT,QNA_ANSWER,DEL_FLAG,ATTACH_FILE,ATTACH_PATH,IN_DATE,IN_USER_ID,UP_DATE,UP_USER_ID) values (2,'주문관련 질문','주문할때 반장이 말고 제가 직접할 수 없나요?',null,'y',null,null,'20210409.000000','S00001','20210409.000000','S00001');
Insert into TEAM2.QNA (QNA_SEQ,QNA_TITLE,QNA_CONTENT,QNA_ANSWER,DEL_FLAG,ATTACH_FILE,ATTACH_PATH,IN_DATE,IN_USER_ID,UP_DATE,UP_USER_ID) values (3,'커뮤니티관련질문','커뮤니티에 댓글을 신고하고 싶은데 어쩌죠?','커뮤니티에 달린 댓글을 캡쳐하여 이미지를 첨부해주시거나 해당 아이디를 적어주시면 경고조치를 취하도록 하겠습니다. 
감사합니다.','n',null,null,'20210412.000000','S00002','20210412.000000','S00002');
Insert into TEAM2.QNA (QNA_SEQ,QNA_TITLE,QNA_CONTENT,QNA_ANSWER,DEL_FLAG,ATTACH_FILE,ATTACH_PATH,IN_DATE,IN_USER_ID,UP_DATE,UP_USER_ID) values (10,'일일','일일',null,'y','check.png','20210413090333_check.png','20210413.090353','S00001','20210413.090353','S00001');
Insert into TEAM2.QNA (QNA_SEQ,QNA_TITLE,QNA_CONTENT,QNA_ANSWER,DEL_FLAG,ATTACH_FILE,ATTACH_PATH,IN_DATE,IN_USER_ID,UP_DATE,UP_USER_ID) values (5,'안녕하세요?','반갑습니다.',null,'y',null,null,'20210412.202541','S00001','20210412.202541','S00001');
Insert into TEAM2.QNA (QNA_SEQ,QNA_TITLE,QNA_CONTENT,QNA_ANSWER,DEL_FLAG,ATTACH_FILE,ATTACH_PATH,IN_DATE,IN_USER_ID,UP_DATE,UP_USER_ID) values (6,'집에','가고싶은디',null,'y','check.png','20210412203034_check.png','20210412.203036','S00001','20210412.203036','S00001');
Insert into TEAM2.QNA (QNA_SEQ,QNA_TITLE,QNA_CONTENT,QNA_ANSWER,DEL_FLAG,ATTACH_FILE,ATTACH_PATH,IN_DATE,IN_USER_ID,UP_DATE,UP_USER_ID) values (7,'아아','오오',null,'y',null,null,'20210412.203141','S00001','20210412.203141','S00001');
Insert into TEAM2.QNA (QNA_SEQ,QNA_TITLE,QNA_CONTENT,QNA_ANSWER,DEL_FLAG,ATTACH_FILE,ATTACH_PATH,IN_DATE,IN_USER_ID,UP_DATE,UP_USER_ID) values (8,'키키','f키',null,'y',null,null,'20210412.203232','S00001','20210412.203232','S00001');
Insert into TEAM2.QNA (QNA_SEQ,QNA_TITLE,QNA_CONTENT,QNA_ANSWER,DEL_FLAG,ATTACH_FILE,ATTACH_PATH,IN_DATE,IN_USER_ID,UP_DATE,UP_USER_ID) values (9,'궁금','궁금해요','na','y','bad.PNG','20210412212531_bad.PNG','20210412.212532','S00001','20210412.212532','S00001');
Insert into TEAM2.QNA (QNA_SEQ,QNA_TITLE,QNA_CONTENT,QNA_ANSWER,DEL_FLAG,ATTACH_FILE,ATTACH_PATH,IN_DATE,IN_USER_ID,UP_DATE,UP_USER_ID) values (11,'dfsf','dfafd',null,'y','check.png','20210413093027_check.png','20210413.093048','S00001','20210413.093048','S00001');
Insert into TEAM2.QNA (QNA_SEQ,QNA_TITLE,QNA_CONTENT,QNA_ANSWER,DEL_FLAG,ATTACH_FILE,ATTACH_PATH,IN_DATE,IN_USER_ID,UP_DATE,UP_USER_ID) values (12,'dd','ddd',null,'y',null,null,'20210413.123226','S00001','20210413.123226','S00001');
Insert into TEAM2.QNA (QNA_SEQ,QNA_TITLE,QNA_CONTENT,QNA_ANSWER,DEL_FLAG,ATTACH_FILE,ATTACH_PATH,IN_DATE,IN_USER_ID,UP_DATE,UP_USER_ID) values (13,'zz','gg',null,'y',null,null,'20210416.090739','S00001','20210416.090739','S00001');
Insert into TEAM2.QNA (QNA_SEQ,QNA_TITLE,QNA_CONTENT,QNA_ANSWER,DEL_FLAG,ATTACH_FILE,ATTACH_PATH,IN_DATE,IN_USER_ID,UP_DATE,UP_USER_ID) values (14,'g','g',null,'y','good.png','20210416091203_good.png','20210416.091209','S00001','20210416.091209','S00001');
Insert into TEAM2.QNA (QNA_SEQ,QNA_TITLE,QNA_CONTENT,QNA_ANSWER,DEL_FLAG,ATTACH_FILE,ATTACH_PATH,IN_DATE,IN_USER_ID,UP_DATE,UP_USER_ID) values (15,'zz','zzzzzzzzzzzzzzzzzzzzzzzzzzzzzzz',null,'y',null,null,'20210416.091620','S00001','20210416.091620','S00001');
Insert into TEAM2.QNA (QNA_SEQ,QNA_TITLE,QNA_CONTENT,QNA_ANSWER,DEL_FLAG,ATTACH_FILE,ATTACH_PATH,IN_DATE,IN_USER_ID,UP_DATE,UP_USER_ID) values (16,'f','f',null,'y',null,null,'20210416.133524','S00001','20210416.133524','S00001');
Insert into TEAM2.QNA (QNA_SEQ,QNA_TITLE,QNA_CONTENT,QNA_ANSWER,DEL_FLAG,ATTACH_FILE,ATTACH_PATH,IN_DATE,IN_USER_ID,UP_DATE,UP_USER_ID) values (17,'ㅇ','ㅇ',null,'y','good.png','20210416160312_good.png','20210416.160313','S00001','20210416.160313','S00001');
Insert into TEAM2.QNA (QNA_SEQ,QNA_TITLE,QNA_CONTENT,QNA_ANSWER,DEL_FLAG,ATTACH_FILE,ATTACH_PATH,IN_DATE,IN_USER_ID,UP_DATE,UP_USER_ID) values (18,'gㄷ','ㄷ',null,'y',null,null,'20210416.160330','S00001','20210416.160330','S00001');
Insert into TEAM2.QNA (QNA_SEQ,QNA_TITLE,QNA_CONTENT,QNA_ANSWER,DEL_FLAG,ATTACH_FILE,ATTACH_PATH,IN_DATE,IN_USER_ID,UP_DATE,UP_USER_ID) values (19,'ㅇㅀ','ㅇㅀ',null,'y',null,null,'20210416.160450','S00001','20210416.160450','S00001');
Insert into TEAM2.QNA (QNA_SEQ,QNA_TITLE,QNA_CONTENT,QNA_ANSWER,DEL_FLAG,ATTACH_FILE,ATTACH_PATH,IN_DATE,IN_USER_ID,UP_DATE,UP_USER_ID) values (20,'sdfsdf','sdfsf',null,'y','check.png','20210417103334_check.png','20210417.103336','S00001','20210417.103336','S00001');
Insert into TEAM2.QNA (QNA_SEQ,QNA_TITLE,QNA_CONTENT,QNA_ANSWER,DEL_FLAG,ATTACH_FILE,ATTACH_PATH,IN_DATE,IN_USER_ID,UP_DATE,UP_USER_ID) values (21,'ㅋㅋ','ㅋㅋㅋㅋㅋ',null,'y','bad.PNG','20210419142238_bad.PNG','20210419.142243','S00001','20210419.142243','S00001');
Insert into TEAM2.QNA (QNA_SEQ,QNA_TITLE,QNA_CONTENT,QNA_ANSWER,DEL_FLAG,ATTACH_FILE,ATTACH_PATH,IN_DATE,IN_USER_ID,UP_DATE,UP_USER_ID) values (22,'안녕하세요','토마토랑 대도 말고 다른 음식점도 추가해주실 계획이 있나요?','현재 여러업체들과 회의중에 있으니 조만간 다양한 업체와 메뉴로 찾아뵙겠습니다.
저희 서비스를 이용해주셔서 감사합니다. 
앞으로도 많은 이용 바랍니다. ','n',null,null,'20210419.145036','better','20210419.145036','better');
Insert into TEAM2.QNA (QNA_SEQ,QNA_TITLE,QNA_CONTENT,QNA_ANSWER,DEL_FLAG,ATTACH_FILE,ATTACH_PATH,IN_DATE,IN_USER_ID,UP_DATE,UP_USER_ID) values (23,'도시락이 도시락이','맞있네요 ㅎㅎ',null,'y',null,null,'20210419.145426','tkd753','20210419.145426','tkd753');
Insert into TEAM2.QNA (QNA_SEQ,QNA_TITLE,QNA_CONTENT,QNA_ANSWER,DEL_FLAG,ATTACH_FILE,ATTACH_PATH,IN_DATE,IN_USER_ID,UP_DATE,UP_USER_ID) values (24,'자꾸 누가 커뮤니티 글을 삭제합니다!!','작성자 외에 글을 삭제할 수 있나요??',null,'y',null,null,'20210419.145511','S00003','20210419.145511','S00003');
Insert into TEAM2.QNA (QNA_SEQ,QNA_TITLE,QNA_CONTENT,QNA_ANSWER,DEL_FLAG,ATTACH_FILE,ATTACH_PATH,IN_DATE,IN_USER_ID,UP_DATE,UP_USER_ID) values (25,'ㅋㅋㅋㅋ','ㅇㅇㅇ',null,'y','check.png','20210419151000_check.png','20210419.151001','S00001','20210419.151001','S00001');
Insert into TEAM2.QNA (QNA_SEQ,QNA_TITLE,QNA_CONTENT,QNA_ANSWER,DEL_FLAG,ATTACH_FILE,ATTACH_PATH,IN_DATE,IN_USER_ID,UP_DATE,UP_USER_ID) values (26,'질문있습니다!!','제가 2021-04-19일에 했던 주문을 했습니다.
반장에게 입금도 했는데 제주문이 누락된것 같습니다.
저는 어떻게 해야할까요....ㅠㅠ','확인해보니 결제가 완료되지않아 주문이 누락되었습니다. 참고바랍니다
','n',null,null,'20210419.194355','D00001','20210419.194355','D00001');
Insert into TEAM2.QNA (QNA_SEQ,QNA_TITLE,QNA_CONTENT,QNA_ANSWER,DEL_FLAG,ATTACH_FILE,ATTACH_PATH,IN_DATE,IN_USER_ID,UP_DATE,UP_USER_ID) values (27,'ㅁㄴㅇㄻㄴㄹㅇ','ㅁㄴㅇㄻㄴㅇㄹ',null,'y',null,null,'20210420.150952','D00001','20210420.150952','D00001');
Insert into TEAM2.QNA (QNA_SEQ,QNA_TITLE,QNA_CONTENT,QNA_ANSWER,DEL_FLAG,ATTACH_FILE,ATTACH_PATH,IN_DATE,IN_USER_ID,UP_DATE,UP_USER_ID) values (28,'nnn','nnnnnn',null,'y','home2.png','20210420152546_home2.png','20210420.152547','S00001','20210420.152547','S00001');
Insert into TEAM2.QNA (QNA_SEQ,QNA_TITLE,QNA_CONTENT,QNA_ANSWER,DEL_FLAG,ATTACH_FILE,ATTACH_PATH,IN_DATE,IN_USER_ID,UP_DATE,UP_USER_ID) values (29,'궁금합니다','저는 어떻게 되나요',null,'y',null,null,'20210420.165453','S00001','20210420.165453','S00001');
Insert into TEAM2.QNA (QNA_SEQ,QNA_TITLE,QNA_CONTENT,QNA_ANSWER,DEL_FLAG,ATTACH_FILE,ATTACH_PATH,IN_DATE,IN_USER_ID,UP_DATE,UP_USER_ID) values (30,'ㅇㅇㅇ','ㅇㅇㅇㅇ',null,'y',null,null,'20210421.093831','S00001','20210421.093831','S00001');
Insert into TEAM2.QNA (QNA_SEQ,QNA_TITLE,QNA_CONTENT,QNA_ANSWER,DEL_FLAG,ATTACH_FILE,ATTACH_PATH,IN_DATE,IN_USER_ID,UP_DATE,UP_USER_ID) values (31,'ㅇㅇ','ㅇㅇ',null,'y','bad.png','20210421093839_bad.png','20210421.093841','S00001','20210421.093841','S00001');
Insert into TEAM2.QNA (QNA_SEQ,QNA_TITLE,QNA_CONTENT,QNA_ANSWER,DEL_FLAG,ATTACH_FILE,ATTACH_PATH,IN_DATE,IN_USER_ID,UP_DATE,UP_USER_ID) values (32,'박상빈 신고합니다.','401호 박상빈 학생에 댓글이 불쾌하여 신고합니다. 확인 부탁드립니다.',null,'n',null,null,'20210421.110208','S00001','20210421.110208','S00001');
Insert into TEAM2.QNA (QNA_SEQ,QNA_TITLE,QNA_CONTENT,QNA_ANSWER,DEL_FLAG,ATTACH_FILE,ATTACH_PATH,IN_DATE,IN_USER_ID,UP_DATE,UP_USER_ID) values (33,'질문있어요','커뮤니티 글이 이상합니다 ','확인 후 연락드리겠습니다 ','n',null,null,'20210421.113730','S00001','20210421.113730','S00001');
Insert into TEAM2.QNA (QNA_SEQ,QNA_TITLE,QNA_CONTENT,QNA_ANSWER,DEL_FLAG,ATTACH_FILE,ATTACH_PATH,IN_DATE,IN_USER_ID,UP_DATE,UP_USER_ID) values (34,'질문','질문',null,'y',null,null,'20210421.164156','S00001','20210421.164156','S00001');
Insert into TEAM2.QNA (QNA_SEQ,QNA_TITLE,QNA_CONTENT,QNA_ANSWER,DEL_FLAG,ATTACH_FILE,ATTACH_PATH,IN_DATE,IN_USER_ID,UP_DATE,UP_USER_ID) values (35,'커뮤니티 관련 질문드립니다.','커뮤니티에는 맛집 관련글과 사진만 업로드 할 수 있나요?
',null,'n','downloads.jfif','20210422135824_downloads.jfif','20210422.135825','S00001','20210422.135825','S00001');
REM INSERTING into TEAM2.RECOM
SET DEFINE OFF;
Insert into TEAM2.RECOM (RECOM_SEQ,MENU_SEQ,USER_ID,IN_DATE,IN_USER_ID,UP_DATE,UP_USER_ID) values (3,89,'S00001','20210417.102942','S00001','20210417.102942','S00001');
Insert into TEAM2.RECOM (RECOM_SEQ,MENU_SEQ,USER_ID,IN_DATE,IN_USER_ID,UP_DATE,UP_USER_ID) values (14,86,'yejin96','20210420.135455','yejin96','20210420.135455','yejin96');
Insert into TEAM2.RECOM (RECOM_SEQ,MENU_SEQ,USER_ID,IN_DATE,IN_USER_ID,UP_DATE,UP_USER_ID) values (5,1,'S00001','20210417.131853','S00001','20210417.131853','S00001');
Insert into TEAM2.RECOM (RECOM_SEQ,MENU_SEQ,USER_ID,IN_DATE,IN_USER_ID,UP_DATE,UP_USER_ID) values (1,84,'S00001','20210416.213543','S00001','20210416.213543','S00001');
Insert into TEAM2.RECOM (RECOM_SEQ,MENU_SEQ,USER_ID,IN_DATE,IN_USER_ID,UP_DATE,UP_USER_ID) values (15,18,'S00001','20210421.091504','S00001','20210421.091504','S00001');
Insert into TEAM2.RECOM (RECOM_SEQ,MENU_SEQ,USER_ID,IN_DATE,IN_USER_ID,UP_DATE,UP_USER_ID) values (16,86,'yejin96','20210421.091516','yejin96','20210421.091516','yejin96');
Insert into TEAM2.RECOM (RECOM_SEQ,MENU_SEQ,USER_ID,IN_DATE,IN_USER_ID,UP_DATE,UP_USER_ID) values (7,100,'S00001','20210417.135203','S00001','20210417.135203','S00001');
Insert into TEAM2.RECOM (RECOM_SEQ,MENU_SEQ,USER_ID,IN_DATE,IN_USER_ID,UP_DATE,UP_USER_ID) values (17,18,'S00001','20210421.105902','S00001','20210421.105902','S00001');
Insert into TEAM2.RECOM (RECOM_SEQ,MENU_SEQ,USER_ID,IN_DATE,IN_USER_ID,UP_DATE,UP_USER_ID) values (9,65,'yejin96','20210417.135209','yejin96','20210417.135209','yejin96');
Insert into TEAM2.RECOM (RECOM_SEQ,MENU_SEQ,USER_ID,IN_DATE,IN_USER_ID,UP_DATE,UP_USER_ID) values (10,89,'S00001','20210419.090621','S00001','20210419.090621','S00001');
Insert into TEAM2.RECOM (RECOM_SEQ,MENU_SEQ,USER_ID,IN_DATE,IN_USER_ID,UP_DATE,UP_USER_ID) values (18,1,'yejin96','20210421.105906','yejin96','20210421.105906','yejin96');
Insert into TEAM2.RECOM (RECOM_SEQ,MENU_SEQ,USER_ID,IN_DATE,IN_USER_ID,UP_DATE,UP_USER_ID) values (12,7,'yejin96','20210419.090631','yejin96','20210419.090631','yejin96');
Insert into TEAM2.RECOM (RECOM_SEQ,MENU_SEQ,USER_ID,IN_DATE,IN_USER_ID,UP_DATE,UP_USER_ID) values (13,1,'S00001','20210420.135439','S00001','20210420.135439','S00001');
Insert into TEAM2.RECOM (RECOM_SEQ,MENU_SEQ,USER_ID,IN_DATE,IN_USER_ID,UP_DATE,UP_USER_ID) values (19,2,'S00001','20210421.110039','S00001','20210421.110039','S00001');
Insert into TEAM2.RECOM (RECOM_SEQ,MENU_SEQ,USER_ID,IN_DATE,IN_USER_ID,UP_DATE,UP_USER_ID) values (20,86,'yejin96','20210421.110051','yejin96','20210421.110051','yejin96');
Insert into TEAM2.RECOM (RECOM_SEQ,MENU_SEQ,USER_ID,IN_DATE,IN_USER_ID,UP_DATE,UP_USER_ID) values (21,18,'S00001','20210422.104841','S00001','20210422.104841','S00001');
Insert into TEAM2.RECOM (RECOM_SEQ,MENU_SEQ,USER_ID,IN_DATE,IN_USER_ID,UP_DATE,UP_USER_ID) values (22,5,'yejin96','20210422.104848','yejin96','20210422.104848','yejin96');
REM INSERTING into TEAM2.REPLY
SET DEFINE OFF;
Insert into TEAM2.REPLY (REPLY_SEQ,COMM_SEQ,REPLY_CONTENT,IN_DATE,IN_USER_ID,UP_DATE,UP_USER_ID) values (3,2,'여기맛집이에요','20210419.143811','S00001','20210419.143811','S00001');
Insert into TEAM2.REPLY (REPLY_SEQ,COMM_SEQ,REPLY_CONTENT,IN_DATE,IN_USER_ID,UP_DATE,UP_USER_ID) values (4,2,'한번가볼의사있어요','20210419.143814','S00001','20210419.143814','S00001');
Insert into TEAM2.REPLY (REPLY_SEQ,COMM_SEQ,REPLY_CONTENT,IN_DATE,IN_USER_ID,UP_DATE,UP_USER_ID) values (1,2,'타수도 맛있어요','20210419.143805','S00001','20210419.143805','S00001');
Insert into TEAM2.REPLY (REPLY_SEQ,COMM_SEQ,REPLY_CONTENT,IN_DATE,IN_USER_ID,UP_DATE,UP_USER_ID) values (2,2,'여기자주갔는데','20210419.143808','S00001','20210419.143808','S00001');
Insert into TEAM2.REPLY (REPLY_SEQ,COMM_SEQ,REPLY_CONTENT,IN_DATE,IN_USER_ID,UP_DATE,UP_USER_ID) values (6,3,'튀김 맛나겠다','20210419.145514','tkd753','20210419.145514','tkd753');
Insert into TEAM2.REPLY (REPLY_SEQ,COMM_SEQ,REPLY_CONTENT,IN_DATE,IN_USER_ID,UP_DATE,UP_USER_ID) values (7,4,'파스타먹고싶다 ㅠㅠ','20210419.150558','tkd753','20210419.150558','tkd753');
Insert into TEAM2.REPLY (REPLY_SEQ,COMM_SEQ,REPLY_CONTENT,IN_DATE,IN_USER_ID,UP_DATE,UP_USER_ID) values (9,4,'오!! 정말 맛있어보여요!!
저도 다음에 한번 가볼게요!!','20210419.190459','D00001','20210419.190459','D00001');
Insert into TEAM2.REPLY (REPLY_SEQ,COMM_SEQ,REPLY_CONTENT,IN_DATE,IN_USER_ID,UP_DATE,UP_USER_ID) values (8,8,'맛있겠다~ 꼭 가볼래요 좋아요 눌렀습니다 ㅎㅎ','20210419.182745','D00002','20210419.182745','D00002');
Insert into TEAM2.REPLY (REPLY_SEQ,COMM_SEQ,REPLY_CONTENT,IN_DATE,IN_USER_ID,UP_DATE,UP_USER_ID) values (13,4,'와 짱입니다!!','20210420.165226','S00001','20210420.165226','S00001');
Insert into TEAM2.REPLY (REPLY_SEQ,COMM_SEQ,REPLY_CONTENT,IN_DATE,IN_USER_ID,UP_DATE,UP_USER_ID) values (10,11,'여기 돈까스를 혼자먹기엔 양이 좀 많더라구요^^... 2인 1돈1떡이 적합할꺼같네요','20210420.093930','wlgns803','20210420.093930','wlgns803');
Insert into TEAM2.REPLY (REPLY_SEQ,COMM_SEQ,REPLY_CONTENT,IN_DATE,IN_USER_ID,UP_DATE,UP_USER_ID) values (12,14,'저도 한번 가봤어요ㅕ
정말 맛있더라구요ㅕ!!
','20210420.150846','D00001','20210420.150846','D00001');
REM INSERTING into TEAM2.ROOM
SET DEFINE OFF;
Insert into TEAM2.ROOM (ROOM_SEQ,DEL_FLAG,IN_DATE,IN_USER_ID,UP_DATE,UP_USER_ID) values (408,'y','20210419.150700','1','20210419.150700','1');
Insert into TEAM2.ROOM (ROOM_SEQ,DEL_FLAG,IN_DATE,IN_USER_ID,UP_DATE,UP_USER_ID) values (404,'n','20210409.000011','1','20210409.000011','1');
Insert into TEAM2.ROOM (ROOM_SEQ,DEL_FLAG,IN_DATE,IN_USER_ID,UP_DATE,UP_USER_ID) values (405,'n','20210409.000011','1','20210409.000011','1');
Insert into TEAM2.ROOM (ROOM_SEQ,DEL_FLAG,IN_DATE,IN_USER_ID,UP_DATE,UP_USER_ID) values (406,'n','20210409.000011','1','20210409.000011','1');
Insert into TEAM2.ROOM (ROOM_SEQ,DEL_FLAG,IN_DATE,IN_USER_ID,UP_DATE,UP_USER_ID) values (403,'n','20210419.150644','1','20210419.150644','1');
Insert into TEAM2.ROOM (ROOM_SEQ,DEL_FLAG,IN_DATE,IN_USER_ID,UP_DATE,UP_USER_ID) values (401,'n','20210409.000000','1','20210409.000000','1');
Insert into TEAM2.ROOM (ROOM_SEQ,DEL_FLAG,IN_DATE,IN_USER_ID,UP_DATE,UP_USER_ID) values (402,'n','20210409.000011','1','20210409.000011','1');
REM INSERTING into TEAM2.STORE_CODE
SET DEFINE OFF;
Insert into TEAM2.STORE_CODE (STORE_SEQ,STORE_CODE,IN_DATE,IN_USER_ID) values (1,'daejeondosirak_code','20210414.222222','1');
Insert into TEAM2.STORE_CODE (STORE_SEQ,STORE_CODE,IN_DATE,IN_USER_ID) values (2,'tomatodosirak_code','20210414.222222','1');
Insert into TEAM2.STORE_CODE (STORE_SEQ,STORE_CODE,IN_DATE,IN_USER_ID) values (5,'dsfasfdaf','20210422.102908','1');
Insert into TEAM2.STORE_CODE (STORE_SEQ,STORE_CODE,IN_DATE,IN_USER_ID) values (3,'sdflhasldhflkas','20210422.102723','1');
Insert into TEAM2.STORE_CODE (STORE_SEQ,STORE_CODE,IN_DATE,IN_USER_ID) values (4,'dfkajfklasjfk','20210422.102821','1');
Insert into TEAM2.STORE_CODE (STORE_SEQ,STORE_CODE,IN_DATE,IN_USER_ID) values (6,'dfsadf','20210422.102926','1');
Insert into TEAM2.STORE_CODE (STORE_SEQ,STORE_CODE,IN_DATE,IN_USER_ID) values (7,'dsfsdf','20210422.103010','1');
Insert into TEAM2.STORE_CODE (STORE_SEQ,STORE_CODE,IN_DATE,IN_USER_ID) values (8,'dfsf','20210422.103123','1');
Insert into TEAM2.STORE_CODE (STORE_SEQ,STORE_CODE,IN_DATE,IN_USER_ID) values (9,'ㅇㄹㄴㄹ','20210422.111134','1');
Insert into TEAM2.STORE_CODE (STORE_SEQ,STORE_CODE,IN_DATE,IN_USER_ID) values (10,'handosirak0231339434','20210422.115742','1');
Insert into TEAM2.STORE_CODE (STORE_SEQ,STORE_CODE,IN_DATE,IN_USER_ID) values (11,'handosirak0231339434','20210422.140218','1');
REM INSERTING into TEAM2.STORE_INFO
SET DEFINE OFF;
Insert into TEAM2.STORE_INFO (STORE_SEQ,STORE_NAME,STORE_TEL,DEL_FLAG,IN_DATE,IN_USER_ID,UP_DATE,UP_USER_ID) values (5,'zdfsdf','01049339620','y','20210422.102907','1','20210422.103327','1');
Insert into TEAM2.STORE_INFO (STORE_SEQ,STORE_NAME,STORE_TEL,DEL_FLAG,IN_DATE,IN_USER_ID,UP_DATE,UP_USER_ID) values (6,'dsfsdf','01049339620','y','20210422.102926','1','20210422.103324','1');
Insert into TEAM2.STORE_INFO (STORE_SEQ,STORE_NAME,STORE_TEL,DEL_FLAG,IN_DATE,IN_USER_ID,UP_DATE,UP_USER_ID) values (1,'대전도시락','01049339620','y','20210414.111415','1','20210422.140533','1');
Insert into TEAM2.STORE_INFO (STORE_SEQ,STORE_NAME,STORE_TEL,DEL_FLAG,IN_DATE,IN_USER_ID,UP_DATE,UP_USER_ID) values (2,'토마토도시락','01049339620','n','20210414.111504','1','20210421.165415','1');
Insert into TEAM2.STORE_INFO (STORE_SEQ,STORE_NAME,STORE_TEL,DEL_FLAG,IN_DATE,IN_USER_ID,UP_DATE,UP_USER_ID) values (3,'한솥도시락','01044545454','y','20210422.102723','1','20210422.104606','1');
Insert into TEAM2.STORE_INFO (STORE_SEQ,STORE_NAME,STORE_TEL,DEL_FLAG,IN_DATE,IN_USER_ID,UP_DATE,UP_USER_ID) values (4,'ㅋㅋㅋ','01055455454','y','20210422.102821','1','20210422.102901','1');
Insert into TEAM2.STORE_INFO (STORE_SEQ,STORE_NAME,STORE_TEL,DEL_FLAG,IN_DATE,IN_USER_ID,UP_DATE,UP_USER_ID) values (7,'dfsdf','01049339620','y','20210422.103009','1','20210422.103322','1');
Insert into TEAM2.STORE_INFO (STORE_SEQ,STORE_NAME,STORE_TEL,DEL_FLAG,IN_DATE,IN_USER_ID,UP_DATE,UP_USER_ID) values (8,'dfsf','01049339620','y','20210422.103122','1','20210422.103319','1');
Insert into TEAM2.STORE_INFO (STORE_SEQ,STORE_NAME,STORE_TEL,DEL_FLAG,IN_DATE,IN_USER_ID,UP_DATE,UP_USER_ID) values (9,'11','01049339620','y','20210422.111133','1','20210422.111244','1');
Insert into TEAM2.STORE_INFO (STORE_SEQ,STORE_NAME,STORE_TEL,DEL_FLAG,IN_DATE,IN_USER_ID,UP_DATE,UP_USER_ID) values (10,'한솥도시락','01034213338','y','20210422.115742','1','20210422.115749','1');
Insert into TEAM2.STORE_INFO (STORE_SEQ,STORE_NAME,STORE_TEL,DEL_FLAG,IN_DATE,IN_USER_ID,UP_DATE,UP_USER_ID) values (11,'한솥도시락','01034233338','y','20210422.140217','1','20210422.140227','1');
REM INSERTING into TEAM2.USER_INFO
SET DEFINE OFF;
Insert into TEAM2.USER_INFO (USER_ID,ROOM_SEQ,USER_PWD,USER_NAME,USER_MOBILE,USER_EMAIL,USER_GUBUN,GRADUATION_FLAG,IN_DATE,IN_USER_ID,UP_DATE,UP_USER_ID) values ('S00001',401,'1','이상빈','01045454555','nd@naver.com','b','n','20210410.111111','S00001','20210420.145927','S00001');
Insert into TEAM2.USER_INFO (USER_ID,ROOM_SEQ,USER_PWD,USER_NAME,USER_MOBILE,USER_EMAIL,USER_GUBUN,GRADUATION_FLAG,IN_DATE,IN_USER_ID,UP_DATE,UP_USER_ID) values ('1',null,'1','관리자','01094866829','grace@naver.com','a','n','20210410.112111','1','20210410.112111','1');
Insert into TEAM2.USER_INFO (USER_ID,ROOM_SEQ,USER_PWD,USER_NAME,USER_MOBILE,USER_EMAIL,USER_GUBUN,GRADUATION_FLAG,IN_DATE,IN_USER_ID,UP_DATE,UP_USER_ID) values ('I00003',403,'1','제갈나윤','01036239378','mj29345@naver.com','s','n','20210419.151418','I00003','20210419.151418','I00003');
Insert into TEAM2.USER_INFO (USER_ID,ROOM_SEQ,USER_PWD,USER_NAME,USER_MOBILE,USER_EMAIL,USER_GUBUN,GRADUATION_FLAG,IN_DATE,IN_USER_ID,UP_DATE,UP_USER_ID) values ('hyun_on',401,'p@ssW0rd!','김현주','01093367026','guswn9336@naver.com','s','n','20210419.145417','hyun_on','20210420.145927','hyun_on');
Insert into TEAM2.USER_INFO (USER_ID,ROOM_SEQ,USER_PWD,USER_NAME,USER_MOBILE,USER_EMAIL,USER_GUBUN,GRADUATION_FLAG,IN_DATE,IN_USER_ID,UP_DATE,UP_USER_ID) values ('D00001',402,'1','김도윤','01012389275','mj29345@naver.com','b','n','20210419.145534','D00001','20210419.182440','D00001');
Insert into TEAM2.USER_INFO (USER_ID,ROOM_SEQ,USER_PWD,USER_NAME,USER_MOBILE,USER_EMAIL,USER_GUBUN,GRADUATION_FLAG,IN_DATE,IN_USER_ID,UP_DATE,UP_USER_ID) values ('D00002',402,'1','하서아','01043853927','mj29345@naver.com','s','n','20210419.145621','D00002','20210419.182504','D00002');
Insert into TEAM2.USER_INFO (USER_ID,ROOM_SEQ,USER_PWD,USER_NAME,USER_MOBILE,USER_EMAIL,USER_GUBUN,GRADUATION_FLAG,IN_DATE,IN_USER_ID,UP_DATE,UP_USER_ID) values ('D00003',402,'1','박이준','01038489274','mj29345@naver.com','s','n','20210419.145659','D00003','20210419.145659','D00003');
Insert into TEAM2.USER_INFO (USER_ID,ROOM_SEQ,USER_PWD,USER_NAME,USER_MOBILE,USER_EMAIL,USER_GUBUN,GRADUATION_FLAG,IN_DATE,IN_USER_ID,UP_DATE,UP_USER_ID) values ('D00004',402,'1','신지우','01029489274','mj29345@naver.com','s','n','20210419.145740','D00004','20210419.145740','D00004');
Insert into TEAM2.USER_INFO (USER_ID,ROOM_SEQ,USER_PWD,USER_NAME,USER_MOBILE,USER_EMAIL,USER_GUBUN,GRADUATION_FLAG,IN_DATE,IN_USER_ID,UP_DATE,UP_USER_ID) values ('I00001',403,'1','하도운','01023458294','mj29345@naver.com','s','n','20210419.150808','I00001','20210419.150808','I00001');
Insert into TEAM2.USER_INFO (USER_ID,ROOM_SEQ,USER_PWD,USER_NAME,USER_MOBILE,USER_EMAIL,USER_GUBUN,GRADUATION_FLAG,IN_DATE,IN_USER_ID,UP_DATE,UP_USER_ID) values ('za____or',401,'Asdf123!','길정우','01058261270','za_or@naver.com','s','n','20210417.160121','za____or','20210420.145927','za____or');
Insert into TEAM2.USER_INFO (USER_ID,ROOM_SEQ,USER_PWD,USER_NAME,USER_MOBILE,USER_EMAIL,USER_GUBUN,GRADUATION_FLAG,IN_DATE,IN_USER_ID,UP_DATE,UP_USER_ID) values ('yejin96',401,'ddit401!@','정예진','01049339247','jung_ye_jin@naver.com','s','n','20210417.134729','yejin96','20210420.145927','yejin96');
Insert into TEAM2.USER_INFO (USER_ID,ROOM_SEQ,USER_PWD,USER_NAME,USER_MOBILE,USER_EMAIL,USER_GUBUN,GRADUATION_FLAG,IN_DATE,IN_USER_ID,UP_DATE,UP_USER_ID) values ('waflex123',401,'qweqwe111','이종찬','01026804759','malgm1003@gmail.com','s','n','20210420.150633','waflex123','20210420.150633','waflex123');
Insert into TEAM2.USER_INFO (USER_ID,ROOM_SEQ,USER_PWD,USER_NAME,USER_MOBILE,USER_EMAIL,USER_GUBUN,GRADUATION_FLAG,IN_DATE,IN_USER_ID,UP_DATE,UP_USER_ID) values ('I00002',403,'1','박유찬','01023525672','mj29345@naver.com','s','n','20210419.151339','I00002','20210419.151339','I00002');
Insert into TEAM2.USER_INFO (USER_ID,ROOM_SEQ,USER_PWD,USER_NAME,USER_MOBILE,USER_EMAIL,USER_GUBUN,GRADUATION_FLAG,IN_DATE,IN_USER_ID,UP_DATE,UP_USER_ID) values ('better',401,'better','구나은','01086657286','940raphael@gmail.com','s','n','20210419.144836','better','20210420.145927','better');
Insert into TEAM2.USER_INFO (USER_ID,ROOM_SEQ,USER_PWD,USER_NAME,USER_MOBILE,USER_EMAIL,USER_GUBUN,GRADUATION_FLAG,IN_DATE,IN_USER_ID,UP_DATE,UP_USER_ID) values ('tkd753',401,'1234','김정원','01025876180','dut753@naver.com','s','n','20210419.145052','tkd753','20210420.145927','tkd753');
Insert into TEAM2.USER_INFO (USER_ID,ROOM_SEQ,USER_PWD,USER_NAME,USER_MOBILE,USER_EMAIL,USER_GUBUN,GRADUATION_FLAG,IN_DATE,IN_USER_ID,UP_DATE,UP_USER_ID) values ('T00001',404,'1','이로운','01028479372','mj29345@naver.com','b','n','20210419.151502','T00001','20210419.151502','T00001');
Insert into TEAM2.USER_INFO (USER_ID,ROOM_SEQ,USER_PWD,USER_NAME,USER_MOBILE,USER_EMAIL,USER_GUBUN,GRADUATION_FLAG,IN_DATE,IN_USER_ID,UP_DATE,UP_USER_ID) values ('E00001',405,'1','박시온','01024520385','mj29345@naver.com','b','n','20210419.151835','E00001','20210419.151835','E00001');
Insert into TEAM2.USER_INFO (USER_ID,ROOM_SEQ,USER_PWD,USER_NAME,USER_MOBILE,USER_EMAIL,USER_GUBUN,GRADUATION_FLAG,IN_DATE,IN_USER_ID,UP_DATE,UP_USER_ID) values ('F00001',406,'1','신민아','01042653632','mj29345@naver.com','b','n','20210419.151928','F00001','20210421.213524','F00001');
Insert into TEAM2.USER_INFO (USER_ID,ROOM_SEQ,USER_PWD,USER_NAME,USER_MOBILE,USER_EMAIL,USER_GUBUN,GRADUATION_FLAG,IN_DATE,IN_USER_ID,UP_DATE,UP_USER_ID) values ('S000011',401,'asdfasdf','박상빈','01058261270','qkrtkdqls21@naver.com','s','n','20210419.151946','S000011','20210420.145927','S000011');
Insert into TEAM2.USER_INFO (USER_ID,ROOM_SEQ,USER_PWD,USER_NAME,USER_MOBILE,USER_EMAIL,USER_GUBUN,GRADUATION_FLAG,IN_DATE,IN_USER_ID,UP_DATE,UP_USER_ID) values ('S0000111',408,'asdfasdf','박상빈','01021212121','qkrtkdqls21@naver.com','s','y','20210419.162535','S0000111','20210422.140135','S0000111');
Insert into TEAM2.USER_INFO (USER_ID,ROOM_SEQ,USER_PWD,USER_NAME,USER_MOBILE,USER_EMAIL,USER_GUBUN,GRADUATION_FLAG,IN_DATE,IN_USER_ID,UP_DATE,UP_USER_ID) values ('mj29345',401,'alswjd23','권민정','01034233338','mj29345@naver.com','s','n','20210419.164421','mj29345','20210420.145927','mj29345');
Insert into TEAM2.USER_INFO (USER_ID,ROOM_SEQ,USER_PWD,USER_NAME,USER_MOBILE,USER_EMAIL,USER_GUBUN,GRADUATION_FLAG,IN_DATE,IN_USER_ID,UP_DATE,UP_USER_ID) values ('wlgns803',401,'1111','곽지훈','01024480646','jihwn1224@daum.net','s','n','20210420.093344','wlgns803','20210420.145927','wlgns803');
Insert into TEAM2.USER_INFO (USER_ID,ROOM_SEQ,USER_PWD,USER_NAME,USER_MOBILE,USER_EMAIL,USER_GUBUN,GRADUATION_FLAG,IN_DATE,IN_USER_ID,UP_DATE,UP_USER_ID) values ('nadominseon',401,'nado','길민선','01094866829','grace1195@naver.com','s','n','20210420.103447','nadominseon','20210420.145927','nadominseon');
Insert into TEAM2.USER_INFO (USER_ID,ROOM_SEQ,USER_PWD,USER_NAME,USER_MOBILE,USER_EMAIL,USER_GUBUN,GRADUATION_FLAG,IN_DATE,IN_USER_ID,UP_DATE,UP_USER_ID) values ('ririnto',401,'Asdf!234','이학재','01063080737','ririnto@kakao.com','s','n','20210420.150406','ririnto','20210420.150406','ririnto');
Insert into TEAM2.USER_INFO (USER_ID,ROOM_SEQ,USER_PWD,USER_NAME,USER_MOBILE,USER_EMAIL,USER_GUBUN,GRADUATION_FLAG,IN_DATE,IN_USER_ID,UP_DATE,UP_USER_ID) values ('pgsk1111',401,'aaAA11!!','이경민','01074588333','pgsk0927@gmail.com','s','n','20210420.150440','pgsk1111','20210420.150440','pgsk1111');
Insert into TEAM2.USER_INFO (USER_ID,ROOM_SEQ,USER_PWD,USER_NAME,USER_MOBILE,USER_EMAIL,USER_GUBUN,GRADUATION_FLAG,IN_DATE,IN_USER_ID,UP_DATE,UP_USER_ID) values ('piano10219',401,'dlalfk8560','이미라','01055265421','dlqmsdl1321@naver.com','s','n','20210420.150656','piano10219','20210420.150656','piano10219');
Insert into TEAM2.USER_INFO (USER_ID,ROOM_SEQ,USER_PWD,USER_NAME,USER_MOBILE,USER_EMAIL,USER_GUBUN,GRADUATION_FLAG,IN_DATE,IN_USER_ID,UP_DATE,UP_USER_ID) values ('jochozzo',401,'jochozzo','조유진','01090769021','castanea308@hanmail.net','s','n','20210420.150713','jochozzo','20210420.150713','jochozzo');
Insert into TEAM2.USER_INFO (USER_ID,ROOM_SEQ,USER_PWD,USER_NAME,USER_MOBILE,USER_EMAIL,USER_GUBUN,GRADUATION_FLAG,IN_DATE,IN_USER_ID,UP_DATE,UP_USER_ID) values ('dbswn4686',401,'dbswn46864686!','하윤주','01092854481','dbswn4686@naver.com','s','n','20210420.150736','dbswn4686','20210420.150736','dbswn4686');
Insert into TEAM2.USER_INFO (USER_ID,ROOM_SEQ,USER_PWD,USER_NAME,USER_MOBILE,USER_EMAIL,USER_GUBUN,GRADUATION_FLAG,IN_DATE,IN_USER_ID,UP_DATE,UP_USER_ID) values ('bob_uncle',401,'bobuncle','성원제','01045677897','shywj05@gmail.com','s','n','20210420.150844','bob_uncle','20210420.150844','bob_uncle');
Insert into TEAM2.USER_INFO (USER_ID,ROOM_SEQ,USER_PWD,USER_NAME,USER_MOBILE,USER_EMAIL,USER_GUBUN,GRADUATION_FLAG,IN_DATE,IN_USER_ID,UP_DATE,UP_USER_ID) values ('O00001',408,'alswjd23','홍길동','01012344444','mj29345@naver.com','b','y','20210420.164121','O00001','20210422.140135','O00001');
Insert into TEAM2.USER_INFO (USER_ID,ROOM_SEQ,USER_PWD,USER_NAME,USER_MOBILE,USER_EMAIL,USER_GUBUN,GRADUATION_FLAG,IN_DATE,IN_USER_ID,UP_DATE,UP_USER_ID) values ('xxlovxx',401,'xoxo951230','신민경','01086550660','xx.love.xx.com@gmail.com','s','n','20210420.192312','xxlovxx','20210420.192312','xxlovxx');
Insert into TEAM2.USER_INFO (USER_ID,ROOM_SEQ,USER_PWD,USER_NAME,USER_MOBILE,USER_EMAIL,USER_GUBUN,GRADUATION_FLAG,IN_DATE,IN_USER_ID,UP_DATE,UP_USER_ID) values ('P00001',408,'ALSWJD23','홍길동','01034233338','mj29345@naver.com','s','y','20210421.113156','P00001','20210422.140135','P00001');
Insert into TEAM2.USER_INFO (USER_ID,ROOM_SEQ,USER_PWD,USER_NAME,USER_MOBILE,USER_EMAIL,USER_GUBUN,GRADUATION_FLAG,IN_DATE,IN_USER_ID,UP_DATE,UP_USER_ID) values ('S000012',401,'11','정예진','01045454544','jung_ye_jin@naver.com','s','n','20210421.115011','S000012','20210421.115011','S000012');
Insert into TEAM2.USER_INFO (USER_ID,ROOM_SEQ,USER_PWD,USER_NAME,USER_MOBILE,USER_EMAIL,USER_GUBUN,GRADUATION_FLAG,IN_DATE,IN_USER_ID,UP_DATE,UP_USER_ID) values ('S0000123',402,'ddit401!@','정예진','01049655545','jung_ye_jin@naver.com','s','n','20210421.115329','S0000123','20210421.115329','S0000123');
Insert into TEAM2.USER_INFO (USER_ID,ROOM_SEQ,USER_PWD,USER_NAME,USER_MOBILE,USER_EMAIL,USER_GUBUN,GRADUATION_FLAG,IN_DATE,IN_USER_ID,UP_DATE,UP_USER_ID) values ('Y00001',405,'alswjd23!@','전우차','01011111110','mj29345@naver.com','s','n','20210421.193319','Y00001','20210421.193452','Y00001');
Insert into TEAM2.USER_INFO (USER_ID,ROOM_SEQ,USER_PWD,USER_NAME,USER_MOBILE,USER_EMAIL,USER_GUBUN,GRADUATION_FLAG,IN_DATE,IN_USER_ID,UP_DATE,UP_USER_ID) values ('Z00001',408,'1234','김하나','01045454545','dfsf@naver.com','s','y','20210420.150656','Z00001','20210422.140135','Z00001');
Insert into TEAM2.USER_INFO (USER_ID,ROOM_SEQ,USER_PWD,USER_NAME,USER_MOBILE,USER_EMAIL,USER_GUBUN,GRADUATION_FLAG,IN_DATE,IN_USER_ID,UP_DATE,UP_USER_ID) values ('Z00002',408,'1234','김민수','01045454545','dfsf@naver.com','s','y','20210420.150656','Z00002','20210422.140135','Z00002');
Insert into TEAM2.USER_INFO (USER_ID,ROOM_SEQ,USER_PWD,USER_NAME,USER_MOBILE,USER_EMAIL,USER_GUBUN,GRADUATION_FLAG,IN_DATE,IN_USER_ID,UP_DATE,UP_USER_ID) values ('Z00003',408,'1234','박원호','01045454545','dfsf@naver.com','s','y','20210420.150656','Z00003','20210422.140135','Z00003');
Insert into TEAM2.USER_INFO (USER_ID,ROOM_SEQ,USER_PWD,USER_NAME,USER_MOBILE,USER_EMAIL,USER_GUBUN,GRADUATION_FLAG,IN_DATE,IN_USER_ID,UP_DATE,UP_USER_ID) values ('Z00004',408,'1234','최승철','01045454545','dfsf@naver.com','s','y','20210420.150656','Z00004','20210422.140135','Z00004');
Insert into TEAM2.USER_INFO (USER_ID,ROOM_SEQ,USER_PWD,USER_NAME,USER_MOBILE,USER_EMAIL,USER_GUBUN,GRADUATION_FLAG,IN_DATE,IN_USER_ID,UP_DATE,UP_USER_ID) values ('Z00005',408,'1234','제갈수지','01045454545','dfsf@naver.com','s','y','20210420.150656','Z00005','20210422.140135','Z00005');
Insert into TEAM2.USER_INFO (USER_ID,ROOM_SEQ,USER_PWD,USER_NAME,USER_MOBILE,USER_EMAIL,USER_GUBUN,GRADUATION_FLAG,IN_DATE,IN_USER_ID,UP_DATE,UP_USER_ID) values ('Z00006',408,'1234','남궁화연','01045454545','dfsf@naver.com','s','y','20210420.150656','Z00006','20210422.140135','Z00006');
Insert into TEAM2.USER_INFO (USER_ID,ROOM_SEQ,USER_PWD,USER_NAME,USER_MOBILE,USER_EMAIL,USER_GUBUN,GRADUATION_FLAG,IN_DATE,IN_USER_ID,UP_DATE,UP_USER_ID) values ('Z00007',408,'1234','맹꽁이','01045454545','dfsf@naver.com','s','y','20210420.150656','Z00007','20210422.140135','Z00007');
Insert into TEAM2.USER_INFO (USER_ID,ROOM_SEQ,USER_PWD,USER_NAME,USER_MOBILE,USER_EMAIL,USER_GUBUN,GRADUATION_FLAG,IN_DATE,IN_USER_ID,UP_DATE,UP_USER_ID) values ('Z00008',408,'1234','이제노','01045454545','dfsf@naver.com','s','y','20210420.150656','Z00008','20210422.140135','Z00008');
Insert into TEAM2.USER_INFO (USER_ID,ROOM_SEQ,USER_PWD,USER_NAME,USER_MOBILE,USER_EMAIL,USER_GUBUN,GRADUATION_FLAG,IN_DATE,IN_USER_ID,UP_DATE,UP_USER_ID) values ('Z00009',408,'1234','하주미','01045454545','dfsf@naver.com','s','y','20210420.150656','Z00009','20210422.140135','Z00009');
Insert into TEAM2.USER_INFO (USER_ID,ROOM_SEQ,USER_PWD,USER_NAME,USER_MOBILE,USER_EMAIL,USER_GUBUN,GRADUATION_FLAG,IN_DATE,IN_USER_ID,UP_DATE,UP_USER_ID) values ('Z00010',408,'1234','구민지','01045454545','dfsf@naver.com','s','y','20210420.150656','Z00010','20210422.140135','Z00010');
Insert into TEAM2.USER_INFO (USER_ID,ROOM_SEQ,USER_PWD,USER_NAME,USER_MOBILE,USER_EMAIL,USER_GUBUN,GRADUATION_FLAG,IN_DATE,IN_USER_ID,UP_DATE,UP_USER_ID) values ('Q00001',406,'alswjd23!@','김우주','01034233338','mj29345@naver.com','s','n','20210421.212302','Q00001','20210421.213524','Q00001');
Insert into TEAM2.USER_INFO (USER_ID,ROOM_SEQ,USER_PWD,USER_NAME,USER_MOBILE,USER_EMAIL,USER_GUBUN,GRADUATION_FLAG,IN_DATE,IN_USER_ID,UP_DATE,UP_USER_ID) values ('B00001',408,'ALSWJD23!@','소우주','01034233378','mj29345@naver.com','s','y','20210422.114548','B00001','20210422.140135','B00001');
Insert into TEAM2.USER_INFO (USER_ID,ROOM_SEQ,USER_PWD,USER_NAME,USER_MOBILE,USER_EMAIL,USER_GUBUN,GRADUATION_FLAG,IN_DATE,IN_USER_ID,UP_DATE,UP_USER_ID) values ('C00001',408,'alswjd23!@','김나영','01034235556','mj29345@naver.com','s','y','20210422.135032','C00001','20210422.140135','C00001');
--------------------------------------------------------
--  DDL for Index GOOD_PK
--------------------------------------------------------

  CREATE UNIQUE INDEX "TEAM2"."GOOD_PK" ON "TEAM2"."GOOD" ("USER_ID", "COMM_SEQ") 
  PCTFREE 10 INITRANS 2 MAXTRANS 255 COMPUTE STATISTICS 
  STORAGE(INITIAL 65536 NEXT 1048576 MINEXTENTS 1 MAXEXTENTS 2147483645
  PCTINCREASE 0 FREELISTS 1 FREELIST GROUPS 1 BUFFER_POOL DEFAULT FLASH_CACHE DEFAULT CELL_FLASH_CACHE DEFAULT)
  TABLESPACE "SYSTEM" ;
--------------------------------------------------------
--  DDL for Index STORE_CODE_PK
--------------------------------------------------------

  CREATE UNIQUE INDEX "TEAM2"."STORE_CODE_PK" ON "TEAM2"."STORE_CODE" ("STORE_SEQ", "STORE_CODE") 
  PCTFREE 10 INITRANS 2 MAXTRANS 255 COMPUTE STATISTICS 
  STORAGE(INITIAL 65536 NEXT 1048576 MINEXTENTS 1 MAXEXTENTS 2147483645
  PCTINCREASE 0 FREELISTS 1 FREELIST GROUPS 1 BUFFER_POOL DEFAULT FLASH_CACHE DEFAULT CELL_FLASH_CACHE DEFAULT)
  TABLESPACE "SYSTEM" ;
--------------------------------------------------------
--  DDL for Index SYS_C007327
--------------------------------------------------------

  CREATE UNIQUE INDEX "TEAM2"."SYS_C007327" ON "TEAM2"."COMM" ("COMM_SEQ") 
  PCTFREE 10 INITRANS 2 MAXTRANS 255 COMPUTE STATISTICS 
  STORAGE(INITIAL 65536 NEXT 1048576 MINEXTENTS 1 MAXEXTENTS 2147483645
  PCTINCREASE 0 FREELISTS 1 FREELIST GROUPS 1 BUFFER_POOL DEFAULT FLASH_CACHE DEFAULT CELL_FLASH_CACHE DEFAULT)
  TABLESPACE "SYSTEM" ;
--------------------------------------------------------
--  DDL for Index SYS_C007331
--------------------------------------------------------

  CREATE UNIQUE INDEX "TEAM2"."SYS_C007331" ON "TEAM2"."MENU" ("MENU_SEQ") 
  PCTFREE 10 INITRANS 2 MAXTRANS 255 COMPUTE STATISTICS 
  STORAGE(INITIAL 65536 NEXT 1048576 MINEXTENTS 1 MAXEXTENTS 2147483645
  PCTINCREASE 0 FREELISTS 1 FREELIST GROUPS 1 BUFFER_POOL DEFAULT FLASH_CACHE DEFAULT CELL_FLASH_CACHE DEFAULT)
  TABLESPACE "SYSTEM" ;
--------------------------------------------------------
--  DDL for Index SYS_C007333
--------------------------------------------------------

  CREATE UNIQUE INDEX "TEAM2"."SYS_C007333" ON "TEAM2"."NOTICE" ("NOTICE_SEQ") 
  PCTFREE 10 INITRANS 2 MAXTRANS 255 COMPUTE STATISTICS 
  STORAGE(INITIAL 65536 NEXT 1048576 MINEXTENTS 1 MAXEXTENTS 2147483645
  PCTINCREASE 0 FREELISTS 1 FREELIST GROUPS 1 BUFFER_POOL DEFAULT FLASH_CACHE DEFAULT CELL_FLASH_CACHE DEFAULT)
  TABLESPACE "SYSTEM" ;
--------------------------------------------------------
--  DDL for Index SYS_C007336
--------------------------------------------------------

  CREATE UNIQUE INDEX "TEAM2"."SYS_C007336" ON "TEAM2"."ORDER_INFO" ("ORDER_SEQ") 
  PCTFREE 10 INITRANS 2 MAXTRANS 255 COMPUTE STATISTICS 
  STORAGE(INITIAL 65536 NEXT 1048576 MINEXTENTS 1 MAXEXTENTS 2147483645
  PCTINCREASE 0 FREELISTS 1 FREELIST GROUPS 1 BUFFER_POOL DEFAULT FLASH_CACHE DEFAULT CELL_FLASH_CACHE DEFAULT)
  TABLESPACE "SYSTEM" ;
--------------------------------------------------------
--  DDL for Index SYS_C007338
--------------------------------------------------------

  CREATE UNIQUE INDEX "TEAM2"."SYS_C007338" ON "TEAM2"."QNA" ("QNA_SEQ") 
  PCTFREE 10 INITRANS 2 MAXTRANS 255 COMPUTE STATISTICS 
  STORAGE(INITIAL 65536 NEXT 1048576 MINEXTENTS 1 MAXEXTENTS 2147483645
  PCTINCREASE 0 FREELISTS 1 FREELIST GROUPS 1 BUFFER_POOL DEFAULT FLASH_CACHE DEFAULT CELL_FLASH_CACHE DEFAULT)
  TABLESPACE "SYSTEM" ;
--------------------------------------------------------
--  DDL for Index SYS_C007342
--------------------------------------------------------

  CREATE UNIQUE INDEX "TEAM2"."SYS_C007342" ON "TEAM2"."RECOM" ("RECOM_SEQ") 
  PCTFREE 10 INITRANS 2 MAXTRANS 255 COMPUTE STATISTICS 
  STORAGE(INITIAL 65536 NEXT 1048576 MINEXTENTS 1 MAXEXTENTS 2147483645
  PCTINCREASE 0 FREELISTS 1 FREELIST GROUPS 1 BUFFER_POOL DEFAULT FLASH_CACHE DEFAULT CELL_FLASH_CACHE DEFAULT)
  TABLESPACE "SYSTEM" ;
--------------------------------------------------------
--  DDL for Index SYS_C007345
--------------------------------------------------------

  CREATE UNIQUE INDEX "TEAM2"."SYS_C007345" ON "TEAM2"."REPLY" ("REPLY_SEQ") 
  PCTFREE 10 INITRANS 2 MAXTRANS 255 COMPUTE STATISTICS 
  STORAGE(INITIAL 65536 NEXT 1048576 MINEXTENTS 1 MAXEXTENTS 2147483645
  PCTINCREASE 0 FREELISTS 1 FREELIST GROUPS 1 BUFFER_POOL DEFAULT FLASH_CACHE DEFAULT CELL_FLASH_CACHE DEFAULT)
  TABLESPACE "SYSTEM" ;
--------------------------------------------------------
--  DDL for Index SYS_C007347
--------------------------------------------------------

  CREATE UNIQUE INDEX "TEAM2"."SYS_C007347" ON "TEAM2"."ROOM" ("ROOM_SEQ") 
  PCTFREE 10 INITRANS 2 MAXTRANS 255 COMPUTE STATISTICS 
  STORAGE(INITIAL 65536 NEXT 1048576 MINEXTENTS 1 MAXEXTENTS 2147483645
  PCTINCREASE 0 FREELISTS 1 FREELIST GROUPS 1 BUFFER_POOL DEFAULT FLASH_CACHE DEFAULT CELL_FLASH_CACHE DEFAULT)
  TABLESPACE "SYSTEM" ;
--------------------------------------------------------
--  DDL for Index SYS_C007349
--------------------------------------------------------

  CREATE UNIQUE INDEX "TEAM2"."SYS_C007349" ON "TEAM2"."STORE_INFO" ("STORE_SEQ") 
  PCTFREE 10 INITRANS 2 MAXTRANS 255 COMPUTE STATISTICS 
  STORAGE(INITIAL 65536 NEXT 1048576 MINEXTENTS 1 MAXEXTENTS 2147483645
  PCTINCREASE 0 FREELISTS 1 FREELIST GROUPS 1 BUFFER_POOL DEFAULT FLASH_CACHE DEFAULT CELL_FLASH_CACHE DEFAULT)
  TABLESPACE "SYSTEM" ;
--------------------------------------------------------
--  DDL for Index SYS_C007358
--------------------------------------------------------

  CREATE UNIQUE INDEX "TEAM2"."SYS_C007358" ON "TEAM2"."USER_INFO" ("USER_ID") 
  PCTFREE 10 INITRANS 2 MAXTRANS 255 COMPUTE STATISTICS 
  STORAGE(INITIAL 65536 NEXT 1048576 MINEXTENTS 1 MAXEXTENTS 2147483645
  PCTINCREASE 0 FREELISTS 1 FREELIST GROUPS 1 BUFFER_POOL DEFAULT FLASH_CACHE DEFAULT CELL_FLASH_CACHE DEFAULT)
  TABLESPACE "SYSTEM" ;
--------------------------------------------------------
--  Constraints for Table COMM
--------------------------------------------------------

  ALTER TABLE "TEAM2"."COMM" ADD PRIMARY KEY ("COMM_SEQ")
  USING INDEX PCTFREE 10 INITRANS 2 MAXTRANS 255 COMPUTE STATISTICS 
  STORAGE(INITIAL 65536 NEXT 1048576 MINEXTENTS 1 MAXEXTENTS 2147483645
  PCTINCREASE 0 FREELISTS 1 FREELIST GROUPS 1 BUFFER_POOL DEFAULT FLASH_CACHE DEFAULT CELL_FLASH_CACHE DEFAULT)
  TABLESPACE "SYSTEM"  ENABLE;
  ALTER TABLE "TEAM2"."COMM" MODIFY ("COMM_SEQ" NOT NULL ENABLE);
--------------------------------------------------------
--  Constraints for Table GOOD
--------------------------------------------------------

  ALTER TABLE "TEAM2"."GOOD" ADD CONSTRAINT "GOOD_PK" PRIMARY KEY ("USER_ID", "COMM_SEQ")
  USING INDEX PCTFREE 10 INITRANS 2 MAXTRANS 255 COMPUTE STATISTICS 
  STORAGE(INITIAL 65536 NEXT 1048576 MINEXTENTS 1 MAXEXTENTS 2147483645
  PCTINCREASE 0 FREELISTS 1 FREELIST GROUPS 1 BUFFER_POOL DEFAULT FLASH_CACHE DEFAULT CELL_FLASH_CACHE DEFAULT)
  TABLESPACE "SYSTEM"  ENABLE;
  ALTER TABLE "TEAM2"."GOOD" MODIFY ("COMM_SEQ" NOT NULL ENABLE);
  ALTER TABLE "TEAM2"."GOOD" MODIFY ("USER_ID" NOT NULL ENABLE);
--------------------------------------------------------
--  Constraints for Table MENU
--------------------------------------------------------

  ALTER TABLE "TEAM2"."MENU" ADD PRIMARY KEY ("MENU_SEQ")
  USING INDEX PCTFREE 10 INITRANS 2 MAXTRANS 255 COMPUTE STATISTICS 
  STORAGE(INITIAL 65536 NEXT 1048576 MINEXTENTS 1 MAXEXTENTS 2147483645
  PCTINCREASE 0 FREELISTS 1 FREELIST GROUPS 1 BUFFER_POOL DEFAULT FLASH_CACHE DEFAULT CELL_FLASH_CACHE DEFAULT)
  TABLESPACE "SYSTEM"  ENABLE;
  ALTER TABLE "TEAM2"."MENU" MODIFY ("MENU_PRICE" NOT NULL ENABLE);
  ALTER TABLE "TEAM2"."MENU" MODIFY ("STORE_SEQ" NOT NULL ENABLE);
  ALTER TABLE "TEAM2"."MENU" MODIFY ("MENU_SEQ" NOT NULL ENABLE);
--------------------------------------------------------
--  Constraints for Table NOTICE
--------------------------------------------------------

  ALTER TABLE "TEAM2"."NOTICE" ADD PRIMARY KEY ("NOTICE_SEQ")
  USING INDEX PCTFREE 10 INITRANS 2 MAXTRANS 255 COMPUTE STATISTICS 
  STORAGE(INITIAL 65536 NEXT 1048576 MINEXTENTS 1 MAXEXTENTS 2147483645
  PCTINCREASE 0 FREELISTS 1 FREELIST GROUPS 1 BUFFER_POOL DEFAULT FLASH_CACHE DEFAULT CELL_FLASH_CACHE DEFAULT)
  TABLESPACE "SYSTEM"  ENABLE;
  ALTER TABLE "TEAM2"."NOTICE" MODIFY ("NOTICE_SEQ" NOT NULL ENABLE);
--------------------------------------------------------
--  Constraints for Table ORDER_INFO
--------------------------------------------------------

  ALTER TABLE "TEAM2"."ORDER_INFO" ADD PRIMARY KEY ("ORDER_SEQ")
  USING INDEX PCTFREE 10 INITRANS 2 MAXTRANS 255 COMPUTE STATISTICS 
  STORAGE(INITIAL 65536 NEXT 1048576 MINEXTENTS 1 MAXEXTENTS 2147483645
  PCTINCREASE 0 FREELISTS 1 FREELIST GROUPS 1 BUFFER_POOL DEFAULT FLASH_CACHE DEFAULT CELL_FLASH_CACHE DEFAULT)
  TABLESPACE "SYSTEM"  ENABLE;
  ALTER TABLE "TEAM2"."ORDER_INFO" MODIFY ("MENU_SEQ" NOT NULL ENABLE);
  ALTER TABLE "TEAM2"."ORDER_INFO" MODIFY ("ORDER_SEQ" NOT NULL ENABLE);
--------------------------------------------------------
--  Constraints for Table QNA
--------------------------------------------------------

  ALTER TABLE "TEAM2"."QNA" ADD PRIMARY KEY ("QNA_SEQ")
  USING INDEX PCTFREE 10 INITRANS 2 MAXTRANS 255 COMPUTE STATISTICS 
  STORAGE(INITIAL 65536 NEXT 1048576 MINEXTENTS 1 MAXEXTENTS 2147483645
  PCTINCREASE 0 FREELISTS 1 FREELIST GROUPS 1 BUFFER_POOL DEFAULT FLASH_CACHE DEFAULT CELL_FLASH_CACHE DEFAULT)
  TABLESPACE "SYSTEM"  ENABLE;
  ALTER TABLE "TEAM2"."QNA" MODIFY ("QNA_SEQ" NOT NULL ENABLE);
--------------------------------------------------------
--  Constraints for Table RECOM
--------------------------------------------------------

  ALTER TABLE "TEAM2"."RECOM" ADD PRIMARY KEY ("RECOM_SEQ")
  USING INDEX PCTFREE 10 INITRANS 2 MAXTRANS 255 COMPUTE STATISTICS 
  STORAGE(INITIAL 65536 NEXT 1048576 MINEXTENTS 1 MAXEXTENTS 2147483645
  PCTINCREASE 0 FREELISTS 1 FREELIST GROUPS 1 BUFFER_POOL DEFAULT FLASH_CACHE DEFAULT CELL_FLASH_CACHE DEFAULT)
  TABLESPACE "SYSTEM"  ENABLE;
  ALTER TABLE "TEAM2"."RECOM" MODIFY ("USER_ID" NOT NULL ENABLE);
  ALTER TABLE "TEAM2"."RECOM" MODIFY ("MENU_SEQ" NOT NULL ENABLE);
  ALTER TABLE "TEAM2"."RECOM" MODIFY ("RECOM_SEQ" NOT NULL ENABLE);
--------------------------------------------------------
--  Constraints for Table REPLY
--------------------------------------------------------

  ALTER TABLE "TEAM2"."REPLY" ADD PRIMARY KEY ("REPLY_SEQ")
  USING INDEX PCTFREE 10 INITRANS 2 MAXTRANS 255 COMPUTE STATISTICS 
  STORAGE(INITIAL 65536 NEXT 1048576 MINEXTENTS 1 MAXEXTENTS 2147483645
  PCTINCREASE 0 FREELISTS 1 FREELIST GROUPS 1 BUFFER_POOL DEFAULT FLASH_CACHE DEFAULT CELL_FLASH_CACHE DEFAULT)
  TABLESPACE "SYSTEM"  ENABLE;
  ALTER TABLE "TEAM2"."REPLY" MODIFY ("COMM_SEQ" NOT NULL ENABLE);
  ALTER TABLE "TEAM2"."REPLY" MODIFY ("REPLY_SEQ" NOT NULL ENABLE);
--------------------------------------------------------
--  Constraints for Table ROOM
--------------------------------------------------------

  ALTER TABLE "TEAM2"."ROOM" ADD PRIMARY KEY ("ROOM_SEQ")
  USING INDEX PCTFREE 10 INITRANS 2 MAXTRANS 255 COMPUTE STATISTICS 
  STORAGE(INITIAL 65536 NEXT 1048576 MINEXTENTS 1 MAXEXTENTS 2147483645
  PCTINCREASE 0 FREELISTS 1 FREELIST GROUPS 1 BUFFER_POOL DEFAULT FLASH_CACHE DEFAULT CELL_FLASH_CACHE DEFAULT)
  TABLESPACE "SYSTEM"  ENABLE;
  ALTER TABLE "TEAM2"."ROOM" MODIFY ("ROOM_SEQ" NOT NULL ENABLE);
--------------------------------------------------------
--  Constraints for Table STORE_CODE
--------------------------------------------------------

  ALTER TABLE "TEAM2"."STORE_CODE" ADD CONSTRAINT "STORE_CODE_PK" PRIMARY KEY ("STORE_SEQ", "STORE_CODE")
  USING INDEX PCTFREE 10 INITRANS 2 MAXTRANS 255 COMPUTE STATISTICS 
  STORAGE(INITIAL 65536 NEXT 1048576 MINEXTENTS 1 MAXEXTENTS 2147483645
  PCTINCREASE 0 FREELISTS 1 FREELIST GROUPS 1 BUFFER_POOL DEFAULT FLASH_CACHE DEFAULT CELL_FLASH_CACHE DEFAULT)
  TABLESPACE "SYSTEM"  ENABLE;
  ALTER TABLE "TEAM2"."STORE_CODE" MODIFY ("STORE_CODE" NOT NULL ENABLE);
  ALTER TABLE "TEAM2"."STORE_CODE" MODIFY ("STORE_SEQ" NOT NULL ENABLE);
--------------------------------------------------------
--  Constraints for Table STORE_INFO
--------------------------------------------------------

  ALTER TABLE "TEAM2"."STORE_INFO" ADD PRIMARY KEY ("STORE_SEQ")
  USING INDEX PCTFREE 10 INITRANS 2 MAXTRANS 255 COMPUTE STATISTICS 
  STORAGE(INITIAL 65536 NEXT 1048576 MINEXTENTS 1 MAXEXTENTS 2147483645
  PCTINCREASE 0 FREELISTS 1 FREELIST GROUPS 1 BUFFER_POOL DEFAULT FLASH_CACHE DEFAULT CELL_FLASH_CACHE DEFAULT)
  TABLESPACE "SYSTEM"  ENABLE;
  ALTER TABLE "TEAM2"."STORE_INFO" MODIFY ("STORE_SEQ" NOT NULL ENABLE);
--------------------------------------------------------
--  Constraints for Table USER_INFO
--------------------------------------------------------

  ALTER TABLE "TEAM2"."USER_INFO" ADD PRIMARY KEY ("USER_ID")
  USING INDEX PCTFREE 10 INITRANS 2 MAXTRANS 255 COMPUTE STATISTICS 
  STORAGE(INITIAL 65536 NEXT 1048576 MINEXTENTS 1 MAXEXTENTS 2147483645
  PCTINCREASE 0 FREELISTS 1 FREELIST GROUPS 1 BUFFER_POOL DEFAULT FLASH_CACHE DEFAULT CELL_FLASH_CACHE DEFAULT)
  TABLESPACE "SYSTEM"  ENABLE;
  ALTER TABLE "TEAM2"."USER_INFO" MODIFY ("USER_GUBUN" NOT NULL ENABLE);
  ALTER TABLE "TEAM2"."USER_INFO" MODIFY ("USER_EMAIL" NOT NULL ENABLE);
  ALTER TABLE "TEAM2"."USER_INFO" MODIFY ("USER_MOBILE" NOT NULL ENABLE);
  ALTER TABLE "TEAM2"."USER_INFO" MODIFY ("USER_NAME" NOT NULL ENABLE);
  ALTER TABLE "TEAM2"."USER_INFO" MODIFY ("USER_PWD" NOT NULL ENABLE);
  ALTER TABLE "TEAM2"."USER_INFO" MODIFY ("USER_ID" NOT NULL ENABLE);
--------------------------------------------------------
--  Ref Constraints for Table GOOD
--------------------------------------------------------

  ALTER TABLE "TEAM2"."GOOD" ADD CONSTRAINT "FK_COMM_SEQ" FOREIGN KEY ("COMM_SEQ")
	  REFERENCES "TEAM2"."COMM" ("COMM_SEQ") ENABLE;
  ALTER TABLE "TEAM2"."GOOD" ADD CONSTRAINT "FK_USER_ID_COMM_SEQ" FOREIGN KEY ("USER_ID")
	  REFERENCES "TEAM2"."USER_INFO" ("USER_ID") ENABLE;
--------------------------------------------------------
--  Ref Constraints for Table MENU
--------------------------------------------------------

  ALTER TABLE "TEAM2"."MENU" ADD FOREIGN KEY ("STORE_SEQ")
	  REFERENCES "TEAM2"."STORE_INFO" ("STORE_SEQ") ENABLE;
--------------------------------------------------------
--  Ref Constraints for Table ORDER_INFO
--------------------------------------------------------

  ALTER TABLE "TEAM2"."ORDER_INFO" ADD FOREIGN KEY ("MENU_SEQ")
	  REFERENCES "TEAM2"."MENU" ("MENU_SEQ") ENABLE;
--------------------------------------------------------
--  Ref Constraints for Table RECOM
--------------------------------------------------------

  ALTER TABLE "TEAM2"."RECOM" ADD FOREIGN KEY ("MENU_SEQ")
	  REFERENCES "TEAM2"."MENU" ("MENU_SEQ") ENABLE;
  ALTER TABLE "TEAM2"."RECOM" ADD FOREIGN KEY ("USER_ID")
	  REFERENCES "TEAM2"."USER_INFO" ("USER_ID") ENABLE;
--------------------------------------------------------
--  Ref Constraints for Table REPLY
--------------------------------------------------------

  ALTER TABLE "TEAM2"."REPLY" ADD FOREIGN KEY ("COMM_SEQ")
	  REFERENCES "TEAM2"."COMM" ("COMM_SEQ") ENABLE;
--------------------------------------------------------
--  Ref Constraints for Table STORE_CODE
--------------------------------------------------------

  ALTER TABLE "TEAM2"."STORE_CODE" ADD FOREIGN KEY ("STORE_SEQ")
	  REFERENCES "TEAM2"."STORE_INFO" ("STORE_SEQ") ENABLE;
--------------------------------------------------------
--  Ref Constraints for Table USER_INFO
--------------------------------------------------------

  ALTER TABLE "TEAM2"."USER_INFO" ADD CONSTRAINT "ROOM_FK" FOREIGN KEY ("ROOM_SEQ")
	  REFERENCES "TEAM2"."ROOM" ("ROOM_SEQ") ENABLE;
